Date,Adj Close,Close,High,Low,Open,Volume,Previous_Close,MA_5,MA_20,Daily_Return,Volatility_5,RSI_14,Target
2020-01-28,1848.942138671875,2183.75,2187.800048828125,2152.0,2174.0,1743024,2169.25,2186.849951171875,2198.6525024414063,0.6684337904805826,1.0199920625898728,36.7837099694395,2154.60009765625
2020-01-29,1824.2613525390625,2154.60009765625,2186.949951171875,2150.0,2185.0,2306761,2183.75,2176.389990234375,2198.0025024414062,-1.3348552876359498,0.7340145396351374,38.45408449215824,2137.85009765625
2020-01-30,1810.0789794921875,2137.85009765625,2165.0,2125.0,2160.0,2098567,2154.60009765625,2165.77001953125,2197.0125122070312,-0.777406443925277,0.7389927751061098,36.22131430922821,2079.050048828125
2020-01-31,1760.294189453125,2079.050048828125,2144.35009765625,2071.60009765625,2139.39990234375,3287223,2137.85009765625,2144.900048828125,2190.93251953125,-2.750428989038478,1.2377634228671452,32.06570956272566,2102.5
2020-02-03,1780.1488037109375,2102.5,2194.699951171875,2093.199951171875,2152.0,4728073,2079.050048828125,2131.550048828125,2186.035021972656,1.1279166263983287,1.564414436654091,33.54350586877044,2107.75
2020-02-04,1784.59375,2107.75,2136.699951171875,2086.60009765625,2129.0,3509339,2102.5,2116.350048828125,2181.130017089844,0.24970273483948535,1.4879904181187313,30.30252640789645,2146.550048828125
2020-02-05,1817.4454345703125,2146.550048828125,2156.699951171875,2104.300048828125,2115.0,2439322,2107.75,2114.7400390625,2175.69501953125,1.8408278414482337,1.7939670217938768,35.995125335800324,2128.35009765625
2020-02-06,1802.035400390625,2128.35009765625,2174.199951171875,2115.5,2145.0,2640065,2146.550048828125,2112.8400390625,2171.39501953125,-0.8478698729531553,1.8012551181282217,36.1598126999446,2136.550048828125
2020-02-07,1808.978271484375,2136.550048828125,2151.0,2119.0,2139.0,2083442,2128.35009765625,2124.3400390625,2167.54501953125,0.3852726664144601,1.008906713036159,44.11762956340995,2161.949951171875
2020-02-10,1830.4837646484373,2161.949951171875,2167.0,2119.0,2140.89990234375,2383032,2136.550048828125,2136.230029296875,2166.1250122070314,1.18882786563701,1.0179390783914024,48.54164873430103,2153.39990234375
2020-02-11,1823.2447509765625,2153.39990234375,2174.800048828125,2147.60009765625,2163.0,1335820,2161.949951171875,2145.360009765625,2163.4500122070312,-0.39547857356690974,1.1048222267871948,40.60413504497783,2170.75
2020-02-12,1837.934814453125,2170.75,2185.0,2150.0,2151.10009765625,1620407,2153.39990234375,2150.2,2160.6425170898438,0.8057071813445393,0.8408164892278512,46.469772542059026,2191.949951171875
2020-02-13,1855.88427734375,2191.949951171875,2197.0,2171.0,2172.949951171875,1645948,2170.75,2162.919970703125,2158.300012207031,0.9766187341644583,0.6260303058242138,51.426197796827594,2184.199951171875
2020-02-14,1849.322998046875,2184.199951171875,2212.0,2171.0,2188.0,1500115,2191.949951171875,2172.449951171875,2156.5550048828127,-0.35356646696502736,0.7599537824427487,52.54814362317018,2203.25
2020-02-17,1865.4521484375,2203.25,2217.0,2190.199951171875,2196.949951171875,1774724,2184.199951171875,2180.7099609375,2158.2,0.872175132954478,0.6926214163624105,53.2729114455195,2215.75
2020-02-18,1876.035400390625,2215.75,2221.0,2186.050048828125,2199.949951171875,2486223,2203.25,2193.17998046875,2160.4349975585938,0.5673436968115286,0.5397040246848848,60.87109375,2196.35009765625
2020-02-19,1859.610107421875,2196.35009765625,2230.0,2190.5,2215.75,1760463,2215.75,2198.3,2159.907507324219,-0.8755456321223098,0.8133474033938854,60.3029271086482,2156.800048828125
2020-02-20,1826.1234130859373,2156.800048828125,2214.39990234375,2151.25,2204.5,2317278,2196.35009765625,2191.27001953125,2158.2000122070312,-1.8007169654022492,1.0852329236505744,64.68921758735652,2115.35009765625
2020-02-24,1791.02880859375,2115.35009765625,2178.949951171875,2106.699951171875,2156.0,3092877,2156.800048828125,2177.500048828125,2154.7975219726563,-1.9218263275910252,1.302865447796371,52.27314737236705,2156.14990234375
2020-02-25,1825.5728759765625,2156.14990234375,2176.64990234375,2111.0,2115.5,2674567,2115.35009765625,2168.080029296875,2154.1425170898438,1.9287495120881015,1.6477905304779918,57.605271355419056,2123.60009765625
2020-02-26,1798.0140380859375,2123.60009765625,2163.89990234375,2112.949951171875,2154.0,2686842,2156.14990234375,2149.650048828125,2151.1350219726564,-1.5096262394427296,1.5975663879105992,46.32152737831101,2105.5
2020-02-27,1782.68896484375,2105.5,2119.949951171875,2086.199951171875,2119.949951171875,2349001,2123.60009765625,2131.480029296875,2148.6800170898437,-0.8523307978854588,1.5974557038051316,46.33635942304922,2000.1500244140625
2020-02-28,1693.490478515625,2000.1500244140625,2069.5,1990.0,2068.0,4298076,2105.5,2100.1500244140625,2141.7950134277344,-5.003560939726315,2.4811675124316164,33.32516545914447,2001.300048828125
2020-03-02,1694.4644775390625,2001.300048828125,2053.949951171875,1985.699951171875,2035.0,2667076,2000.1500244140625,2077.3400146484373,2137.9075134277346,0.05749690773317884,2.548388183091434,29.122806460926384,2036.199951171875
2020-03-03,1724.013427734375,2036.199951171875,2060.0,2012.0,2020.0,2757585,2001.300048828125,2053.3500244140623,2134.5925109863283,1.7438615645957611,2.494666616076216,35.74555308504725,2083.199951171875
2020-03-04,1763.8076171875,2083.199951171875,2094.449951171875,2025.0,2056.0,3237002,2036.199951171875,2045.2699951171876,2133.3650085449217,2.30822125169734,2.8950135204555107,40.06804925469864,2125.050048828125
2020-03-05,1799.2413330078125,2125.050048828125,2147.75,2084.050048828125,2085.699951171875,3937056,2083.199951171875,2049.1800048828127,2132.290008544922,2.008933306315974,3.049387474213766,42.75033030970537,2116.449951171875
2020-03-06,1791.9599609375,2116.449951171875,2123.64990234375,2071.60009765625,2098.0,2595027,2125.050048828125,2072.439990234375,2131.695001220703,-0.4047009462667783,1.2290555903182308,42.671710569749784,1972.3499755859373
2020-03-09,1669.9532470703125,1972.3499755859373,2079.89990234375,1935.0,2075.0,4940975,2116.449951171875,2066.6499755859377,2123.484997558594,-6.808569959622712,3.8294784588229107,30.342231466472,1953.699951171875
2020-03-11,1654.162353515625,1953.699951171875,1987.300048828125,1920.0,1933.0,6796449,1972.3499755859373,2050.1499755859377,2113.0724975585936,-0.9455737898910077,3.6683272514936642,27.921461100803455,1769.8499755859375
2020-03-12,1498.500244140625,1769.8499755859375,1908.4000244140625,1758.3499755859375,1904.0,8728786,1953.699951171875,1987.47998046875,2093.8950012207033,-9.410348578637162,4.784889050145714,21.863026407235637,1806.300048828125
2020-03-13,1529.36181640625,1806.300048828125,1820.0,1506.050048828125,1687.9000244140625,8029720,1769.8499755859375,1923.72998046875,2075.672503662109,2.0595007342427474,4.798453101020377,26.781922979887824,1696.4000244140625
2020-03-16,1436.311279296875,1696.4000244140625,1842.25,1675.8499755859375,1755.0,7844271,1806.300048828125,1839.7199951171874,2050.8950073242186,-6.084261830439653,4.670874870356423,24.555108693379637,1658.0
2020-03-17,1403.7989501953125,1658.0,1731.0,1623.1500244140625,1730.0,5713248,1696.4000244140625,1776.85,2024.585009765625,-2.2636184780370994,4.484026277828394,19.656463234511193,1654.4000244140625
2020-03-18,1400.75048828125,1654.4000244140625,1713.550048828125,1627.75,1676.800048828125,7258778,1658.0,1716.9900146484374,1997.142510986328,-0.21712759866933107,4.5913686906682765,20.37505277662467,1636.3499755859375
2020-03-19,1395.5909423828125,1636.3499755859375,1685.449951171875,1546.75,1559.699951171875,5135111,1654.4000244140625,1690.2900146484376,1968.172509765625,-1.091032915967094,3.003321780265425,20.376340580162562,1797.449951171875
2020-03-20,1532.9879150390625,1797.449951171875,1869.0,1627.0,1630.0,8547498,1636.3499755859375,1688.5199951171876,1948.2275024414062,9.84508069725436,5.922376519901675,38.042707604088456,1669.699951171875
2020-03-23,1424.0340576171875,1669.699951171875,1750.0,1617.75,1620.0,7003490,1797.449951171875,1683.17998046875,1923.8724975585938,-7.107291077379452,6.198014976006397,32.980905811157186,1703.1500244140625
2020-03-24,1452.5621337890625,1703.1500244140625,1770.0,1632.8499755859375,1653.050048828125,6350865,1669.699951171875,1692.2099853515624,1903.2624938964843,2.0033583410426825,6.1305191805677435,32.88101766257306,1750.300048828125
2020-03-25,1492.7750244140625,1750.300048828125,1810.0,1680.0,1700.0,2765520,1703.1500244140625,1711.389990234375,1882.9700012207031,2.7684011236933426,6.165784067753163,32.89136762860727,1790.949951171875
2020-03-26,1527.4442138671875,1790.949951171875,1832.050048828125,1722.550048828125,1831.5999755859373,4556067,1750.300048828125,1742.3099853515625,1866.3374938964844,2.322453362837207,6.024467300425166,32.80847841402341,1824.5
2020-03-27,1556.0582275390625,1824.5,1850.0,1750.4000244140625,1820.0,4331250,1790.949951171875,1747.7199951171874,1852.2874938964844,1.8733102399747237,4.195296895011965,35.35343860622952,1778.5
2020-03-30,1516.8258056640625,1778.5,1905.0,1763.550048828125,1766.0,8513547,1824.5,1769.4800048828124,1841.2049926757813,-2.5212386955330235,2.1579097768973146,39.21318019492937,1826.0999755859373
2020-03-31,1557.422119140625,1826.0999755859373,1855.0,1780.0,1837.4000244140625,3927593,1778.5,1794.0699951171875,1832.4449890136718,2.6764113346042784,2.233268621678044,43.12129602198238,1708.75
2020-04-01,1457.33837890625,1708.75,1834.75,1702.0,1825.9000244140625,4941878,1826.0999755859373,1785.7599853515626,1816.072491455078,-6.426262370891466,3.9641630712164826,46.45180215311585,1654.199951171875
2020-04-03,1410.814453125,1654.199951171875,1740.0,1650.0,1740.0,5735369,1708.75,1758.4099853515625,1794.622491455078,-3.1923949570226817,3.774758185478728,41.349102447960085,1775.199951171875
2020-04-07,1514.011474609375,1775.199951171875,1785.8499755859375,1705.0,1710.0,5427577,1654.199951171875,1748.5499755859375,1777.1299865722656,7.314714277090917,5.42193825840917,54.425967213798145,1705.449951171875
2020-04-08,1454.523681640625,1705.449951171875,1806.0,1701.0,1760.0,6285615,1775.199951171875,1733.9399658203124,1756.5799865722656,-3.929134853454419,5.591613843241037,52.574464145068085,1766.1500244140625
2020-04-09,1506.2930908203125,1766.1500244140625,1778.800048828125,1731.199951171875,1750.449951171875,5307397,1705.449951171875,1721.9499755859374,1746.2699890136719,3.559182326076371,5.737360337971133,55.7093947413916,1759.25
2020-04-13,1500.4083251953125,1759.25,1787.0,1746.0,1761.0,2990438,1766.1500244140625,1732.0499755859375,1736.5474914550782,-0.3906816702251348,4.735365794712049,56.35142164897478,1735.1500244140625
2020-04-15,1479.8541259765625,1735.1500244140625,1812.0,1727.800048828125,1785.0,4761399,1759.25,1748.239990234375,1734.8124938964843,-1.369900559098336,4.423376559024372,46.249252402124384,1716.050048828125
2020-04-16,1463.5648193359375,1716.050048828125,1764.9000244140625,1675.050048828125,1709.949951171875,6245533,1735.1500244140625,1736.410009765625,1730.2999938964845,-1.1007679634149947,2.704559386093545,53.21050712653103,1806.199951171875
2020-04-17,1540.4503173828125,1806.199951171875,1851.949951171875,1753.0,1800.0,9895823,1716.050048828125,1756.560009765625,1735.789990234375,5.253337593813923,3.0175735409061675,56.61806797586848,1818.6500244140625
2020-04-20,1551.068603515625,1818.6500244140625,1830.0,1802.5,1830.0,3244282,1806.199951171875,1767.060009765625,1743.822491455078,0.689296510838111,2.7117694068549287,54.594338766503135,1737.6500244140625
2020-04-21,1481.986083984375,1737.6500244140625,1794.5999755859375,1727.699951171875,1765.0,5122541,1818.6500244140625,1762.7400146484374,1747.9849914550782,-4.453853073028535,3.5638809531430566,46.601637223938916,1769.5
2020-04-22,1509.150146484375,1769.5,1790.0,1719.1500244140625,1737.6500244140625,3829836,1737.6500244140625,1769.610009765625,1754.6424926757813,1.832933855404928,3.587976739425253,46.48562300319489,1878.25
2020-04-23,1601.8995361328125,1878.25,1900.0,1760.8499755859375,1780.0,5934366,1769.5,1802.05,1758.6824951171875,6.145803899406621,4.216433992264938,55.900621118012424,1818.550048828125
2020-04-24,1550.9835205078125,1818.550048828125,1851.949951171875,1807.800048828125,1840.699951171875,2987102,1878.25,1804.52001953125,1766.125,-3.1784880166045526,4.22287647714682,49.55969400053622,1836.5999755859373
2020-04-27,1566.3773193359375,1836.5999755859373,1875.0,1825.0,1832.300048828125,3374741,1818.550048828125,1808.110009765625,1772.7974975585937,0.9925449546710929,4.23369631382689,58.43282025847248,1859.050048828125
2020-04-28,1585.524658203125,1859.050048828125,1868.0,1832.5999755859373,1865.0,2678505,1836.5999755859373,1832.3900146484375,1778.2349975585937,1.2223714222268534,3.311727812500844,64.10910609784929,1905.6500244140625
2020-04-29,1625.2685546875,1905.6500244140625,1912.550048828125,1850.050048828125,1874.0,4241510,1859.050048828125,1859.62001953125,1783.9700012207031,2.5066552466036285,3.34710887673927,60.01075035733041,2014.449951171875
2020-04-30,1718.060302734375,2014.449951171875,2032.0,1942.199951171875,1980.0,5915544,1905.6500244140625,1886.860009765625,1793.4674987792969,5.709334104580166,3.199313495240686,72.37185531005971,1930.449951171875
2020-05-04,1646.4193115234375,1930.449951171875,1966.0,1913.6500244140625,1966.0,3729348,2014.449951171875,1909.239990234375,1801.0649963378905,-4.169872771032823,3.5674530835288487,61.507212307509214,1932.75
2020-05-05,1648.381103515625,1932.75,1977.0,1927.0,1955.0999755859373,2905528,1930.449951171875,1928.4699951171874,1806.3974975585938,0.11914573733076139,3.6045361528080244,62.230371336168616,1903.5999755859373
2020-05-06,1623.519775390625,1903.5999755859373,1953.699951171875,1893.5999755859373,1939.800048828125,3517431,1932.75,1937.37998046875,1816.1399963378906,-1.5082149483411023,3.779701815699249,61.79043786058467,1891.6500244140625
2020-05-07,1613.3280029296875,1891.6500244140625,1934.449951171875,1883.3499755859373,1910.0,3166754,1903.5999755859373,1934.57998046875,1828.0125,-0.627755375348571,3.6270423404510588,62.41515964511914,1893.4000244140625
2020-05-08,1614.8206787109375,1893.4000244140625,1939.5,1886.25,1939.0999755859373,2686530,1891.6500244140625,1910.3699951171875,1833.9225036621094,0.09251182710405814,1.778451767524505,57.04590203323635,1935.300048828125
2020-05-11,1650.555908203125,1935.300048828125,1951.4000244140625,1909.0,1909.0,2449841,1893.4000244140625,1911.3400146484375,1845.4150085449219,2.212951509125971,1.3758665635440637,58.997304001553154,1949.5
2020-05-12,1662.6663818359375,1949.5,1956.5,1910.25,1933.4000244140625,3256595,1935.300048828125,1914.6900146484375,1854.5825073242188,0.7337338300835272,1.4097609326706182,68.21739082057013,1949.6500244140625
2020-05-13,1662.7943115234375,1949.6500244140625,1994.0,1925.6500244140625,1994.0,2656665,1949.5,1923.9000244140625,1864.1025085449219,0.007695532909068881,1.0802510249312058,66.38472618606961,1902.3499755859373
2020-05-14,1622.4537353515625,1902.3499755859373,1923.0999755859373,1891.0999755859373,1910.0,2263146,1949.6500244140625,1926.0400146484376,1872.4625061035156,-2.426078949340693,1.677268203102765,52.46774310882606,1892.9000244140625
2020-05-15,1614.3941650390625,1892.9000244140625,1917.4000244140625,1865.199951171875,1916.0,3173682,1902.3499755859373,1925.9400146484375,1881.3050048828125,-0.49675145441964164,1.7005882016136342,58.486472779054225,1945.5999755859373
2020-05-18,1659.34033203125,1945.5999755859373,1952.949951171875,1872.0999755859373,1907.0,3727694,1892.9000244140625,1928.0,1888.2750061035156,2.7840852919946313,1.894038732596514,61.52951250891576,1948.6500244140625
2020-05-19,1661.9415283203125,1948.6500244140625,1966.449951171875,1903.0,1903.0,3198693,1945.5999755859373,1927.8300048828125,1894.7750061035156,0.1567664918995737,1.8646886248975179,59.88307854214685,1953.5999755859373
2020-05-20,1666.163330078125,1953.5999755859373,1962.9000244140625,1931.699951171875,1950.0,2778505,1948.6500244140625,1928.6199951171875,1905.5725036621093,0.2540195063176265,1.868023847732873,55.824117884987864,1991.199951171875
2020-05-21,1698.2310791015625,1991.199951171875,1998.0,1941.1500244140625,1946.0,3400908,1953.5999755859373,1946.389990234375,1916.6575012207031,1.9246506990081569,1.3708823247137276,46.58540118452502,2020.3499755859373
2020-05-22,1723.092041015625,2020.3499755859373,2032.0,1961.25,1977.0999755859373,3663418,1991.199951171875,1971.87998046875,1923.7625,1.4639426039010583,1.1201829768621063,65.7388011377843,1943.0
2020-05-26,1657.1226806640625,1943.0,2024.0,1925.0,2015.0,4575317,2020.3499755859373,1971.3599853515625,1929.9849975585937,-3.828543396967865,2.26903527610582,51.42104571960071,2005.300048828125
2020-05-27,1710.2567138671875,2005.300048828125,2010.0,1941.25,1959.0,3482160,1943.0,1982.689990234375,1938.4200012207032,3.206384396712547,2.6937868962587213,62.91265771422218,2004.300048828125
2020-05-28,1709.4031982421875,2004.300048828125,2014.0,1971.300048828125,1988.5,3475681,2005.300048828125,1992.8300048828125,1945.6825012207032,-0.0498678489827209,2.7070553118461067,64.71203233612017,1972.3499755859373
2020-05-29,1682.15478515625,1972.3499755859373,2002.6500244140625,1962.4000244140625,1982.0,7237735,2004.300048828125,1989.060009765625,1949.0174987792968,-1.5940763590196139,2.7155407980352417,59.556947323437655,2045.25
2020-06-01,1744.328857421875,2045.25,2060.0,1981.0999755859373,1990.0,3747773,1972.3499755859373,1994.0400146484376,1950.5575012207032,3.696099846195189,3.1911748494416914,62.38035571238418,2047.1500244140625
2020-06-02,1745.948974609375,2047.1500244140625,2081.0,2040.050048828125,2060.199951171875,2443886,2045.25,2014.87001953125,1956.3925048828125,0.09289937240251067,2.278523137947488,61.30862730806127,2046.1500244140625
2020-06-03,1750.225830078125,2046.1500244140625,2063.75,2020.0,2051.85009765625,3699799,2047.1500244140625,2023.0400146484376,1962.0625061035157,-0.048848398411160954,1.9581190171321674,61.153488004605144,2091.550048828125
2020-06-04,1789.059814453125,2091.550048828125,2100.0,2046.75,2046.75,4048593,2046.1500244140625,2040.4900146484374,1971.460009765625,2.218802329856695,2.081219826788099,71.9642490211278,2048.25
2020-06-05,1752.0223388671875,2048.25,2098.0,2040.300048828125,2091.60009765625,3573289,2091.550048828125,2055.67001953125,1979.2900085449219,-2.0702372793988677,2.2280436755107713,66.72047340823183,2071.75
2020-06-08,1772.12353515625,2071.75,2095.0,2062.10009765625,2078.25,2957841,2048.25,2060.97001953125,1988.2075073242188,1.147320883681191,1.5950894691197859,64.4883382042733,2072.050048828125
2020-06-09,1772.3798828125,2072.050048828125,2095.5,2060.25,2063.10009765625,2909439,2071.75,2065.9500244140627,1995.0450073242187,0.014482868498855161,1.5976248429756958,64.26259382069443,2108.75
2020-06-10,1803.772216796875,2108.75,2132.0,2073.5,2077.050048828125,5168397,2072.050048828125,2078.47001953125,2003.0075073242188,1.7711903818458108,1.714893225746807,66.70614310308977,2067.64990234375
2020-06-11,1768.6162109375,2067.64990234375,2105.0,2061.800048828125,2100.0,2269513,2108.75,2073.689990234375,2008.9075012207031,-1.9490265634262038,1.7537289481456952,58.17034255850422,2039.5
2020-06-12,1744.5374755859375,2039.5,2049.199951171875,2011.0,2011.199951171875,2842642,2067.64990234375,2071.939990234375,2015.7650024414063,-1.3614443292281342,1.5872466568102654,52.05098162160864,2029.9000244140625
2020-06-15,1736.3260498046875,2029.9000244140625,2059.0,2000.949951171875,2039.0999755859373,2399022,2039.5,2063.5699951171873,2022.6150024414062,-0.47070240676330144,1.433066379770501,60.88699280516566,2045.800048828125
2020-06-16,1749.926513671875,2045.800048828125,2073.949951171875,2031.0,2065.0,2146528,2029.9000244140625,2058.3199951171873,2027.6250061035157,0.7832910105339819,1.5267204664925673,55.74142012653496,2047.800048828125
2020-06-17,1751.6375732421875,2047.800048828125,2058.85009765625,2026.550048828125,2046.0,2703527,2045.800048828125,2046.1300048828125,2032.5825073242188,0.09776126465270707,1.0971278005858833,56.14927565442352,2038.0999755859373
2020-06-18,1743.340087890625,2038.0999755859373,2059.199951171875,2025.199951171875,2045.0,1944389,2047.800048828125,2040.22001953125,2036.8075073242187,-0.47368263555510604,0.793185157093553,59.91853390492184,2044.5999755859373
2020-06-19,1748.8997802734375,2044.5999755859373,2090.0,2032.0,2042.0,5681758,2038.0999755859373,2041.2400146484374,2039.4775085449219,0.3189244923145207,0.5379789663199352,49.87737709961488,2027.949951171875
2020-06-22,1734.6580810546875,2027.949951171875,2052.25,2019.1500244140625,2050.0,3196138,2044.5999755859373,2040.85,2039.8575073242187,-0.8143414170437291,0.6345848291805558,46.56896684863771,2035.300048828125
2020-06-23,1740.9451904296875,2035.300048828125,2044.0,2010.0,2027.0,4205944,2027.949951171875,2038.75,2044.472509765625,0.36243979551875416,0.519221616483747,48.10414722992582,2042.199951171875
2020-06-24,1746.846923828125,2042.199951171875,2064.25,2031.5999755859373,2034.0,2560937,2035.300048828125,2037.62998046875,2046.3175048828125,0.3390115549656958,0.5525405735037362,40.03632778804683,2016.0999755859373
2020-06-25,1724.5220947265625,2016.0999755859373,2060.0,2009.25,2035.0,3043931,2042.199951171875,2033.22998046875,2046.9075012207031,-1.2780323283702377,0.7769631501564273,43.02451416878589,2118.85009765625
2020-06-26,1812.411865234375,2118.85009765625,2132.0,2019.949951171875,2025.0,6300722,2016.0999755859373,2048.0800048828123,2054.2325073242187,5.096479505707574,2.538241648636801,57.60414400267395,2101.64990234375
2020-06-29,1797.699462890625,2101.64990234375,2127.60009765625,2091.300048828125,2108.0,3076341,2118.85009765625,2062.8199951171873,2057.0525024414064,-0.8117702772615143,2.5378479752911343,54.53150988035925,2082.14990234375
2020-06-30,1781.019287109375,2082.14990234375,2111.89990234375,2075.050048828125,2100.0,3071725,2101.64990234375,2072.1899658203124,2058.8024963378907,-0.9278424526489304,2.649201085260546,45.701347111663814,2092.050048828125
2020-07-01,1789.4873046875,2092.050048828125,2113.949951171875,2079.5,2079.699951171875,2503466,2082.14990234375,2082.1599853515627,2061.0974975585937,0.4754771245447209,2.6480421805110668,54.38535369180936,2157.14990234375
2020-07-02,1845.172119140625,2157.14990234375,2165.0,2098.0,2102.0,3758699,2092.050048828125,2110.369970703125,2064.377490234375,3.111773236595905,2.6343416901446846,68.6656761094963,2199.64990234375
2020-07-03,1881.5260009765625,2199.64990234375,2205.0,2160.25,2163.64990234375,4185208,2157.14990234375,2126.529931640625,2071.9474853515626,1.9701922408741135,1.760366883030126,74.38581748431989,2263.199951171875
2020-07-06,1935.8851318359373,2263.199951171875,2269.89990234375,2205.0,2205.0,5190366,2199.64990234375,2158.83994140625,2081.519982910156,2.889098340622831,1.7097137245761387,77.47026293983976,2269.89990234375
2020-07-07,1941.615234375,2269.89990234375,2302.699951171875,2232.14990234375,2275.0,5630055,2263.199951171875,2196.38994140625,2091.4124755859375,0.296038852793612,1.3170854723799257,77.73471988488083,2218.89990234375
2020-07-08,1897.99169921875,2218.89990234375,2274.39990234375,2207.60009765625,2270.0,2793358,2269.89990234375,2221.759912109375,2096.919970703125,-2.246795109658395,2.224780101750335,70.466356898847,2204.35009765625
2020-07-09,1885.5462646484373,2204.35009765625,2244.5,2191.050048828125,2229.0,3443998,2218.89990234375,2231.199951171875,2103.75498046875,-0.6557215434608632,2.048121798874232,67.75987534310639,2222.35009765625
2020-07-10,1900.942626953125,2222.35009765625,2249.85009765625,2176.0,2205.25,9610320,2204.35009765625,2235.739990234375,2112.8974853515624,0.81656720586889,1.8932595234761576,71.54734032362289,2220.0
2020-07-13,1898.9326171875,2220.0,2244.949951171875,2210.0,2220.0,2963503,2222.35009765625,2227.1,2122.402484130859,-0.10574830935632384,1.175261479460844,70.70162639979947,2171.949951171875
2020-07-14,1857.83203125,2171.949951171875,2239.0,2165.0,2210.0,2976738,2220.0,2207.510009765625,2128.7099792480467,-2.164416613879505,1.3271752437660713,63.314513595456795,2233.89990234375
2020-07-15,1910.8221435546875,2233.89990234375,2260.0,2181.10009765625,2185.0,5569321,2171.949951171875,2210.510009765625,2138.014971923828,2.852273420870022,1.8586084995397283,70.81818345169708,2234.75
2020-07-16,1915.8375244140625,2234.75,2333.0,2220.10009765625,2244.0,8582118,2233.89990234375,2216.589990234375,2147.8474731445312,0.03805442022528638,1.8087797752687007,63.758291619233546,2200.75
2020-07-17,1886.6898193359373,2200.75,2243.89990234375,2190.050048828125,2237.0,4509135,2234.75,2212.269970703125,2155.6549743652345,-1.5214229779617394,1.935527559113562,61.3127965361016,2207.89990234375
2020-07-20,1892.8189697265625,2207.89990234375,2226.89990234375,2190.800048828125,2201.0,2952646,2200.75,2209.849951171875,2164.652471923828,0.32488480489605287,1.9492043988912595,64.77152929057243,2225.050048828125
2020-07-21,1907.52197265625,2225.050048828125,2238.64990234375,2201.14990234375,2230.0,2665286,2207.89990234375,2220.469970703125,2174.139971923828,0.7767628625813039,1.5763743530651604,65.36151882686146,2190.949951171875
2020-07-22,1878.2882080078125,2190.949951171875,2231.0,2184.199951171875,2231.0,2861534,2225.050048828125,2211.87998046875,2181.577471923828,-1.5325541856557212,1.0771396400448252,54.205030667914805,2171.199951171875
2020-07-23,1861.356201171875,2171.199951171875,2190.949951171875,2163.0,2190.949951171875,2265766,2190.949951171875,2199.169970703125,2189.332470703125,-0.9014354704650507,1.067257220807922,46.24819462214722,2157.39990234375
2020-07-24,1849.52587890625,2157.39990234375,2163.0,2125.10009765625,2154.5,3665100,2171.199951171875,2190.499951171875,2191.2599609375,-0.6355954835332689,0.9353669013186313,33.940497604917795,2206.800048828125
2020-07-27,1891.8763427734373,2206.800048828125,2215.0,2163.5,2165.0,4248480,2157.39990234375,2190.27998046875,2196.517468261719,2.289800163182898,1.533935572590543,41.52112395128215,2309.75
2020-07-28,1980.13427734375,2309.75,2320.0,2215.0,2215.0,8092319,2206.800048828125,2207.219970703125,2207.8974731445314,4.665123658418646,2.6245324373606786,60.712184281281125,2276.050048828125
2020-07-29,1951.2445068359373,2276.050048828125,2342.0,2246.050048828125,2292.0,6090431,2309.75,2224.239990234375,2217.0974731445312,-1.4590302488093898,2.608514025350177,58.08888538787859,2279.5
2020-07-30,1954.201171875,2279.5,2358.0,2272.25,2285.89990234375,7098496,2276.050048828125,2245.9,2223.214978027344,0.15157624383748125,2.47681816615715,56.66626038301537,2281.39990234375
2020-07-31,1955.83056640625,2281.39990234375,2334.800048828125,2257.449951171875,2303.14990234375,4723290,2279.5,2270.7,2227.3024780273436,0.08334732808730205,2.37680467793156,57.169532267370926,2254.14990234375
2020-08-03,1932.4688720703125,2254.14990234375,2303.85009765625,2230.699951171875,2290.449951171875,4012337,2281.39990234375,2280.169970703125,2226.8499755859375,-1.1944420604211192,2.466745944080056,60.088355622992836,2249.699951171875
2020-08-04,1928.654052734375,2249.699951171875,2269.64990234375,2225.050048828125,2259.949951171875,2927928,2254.14990234375,2268.1599609375,2225.839978027344,-0.19741150165959453,0.7509502220615157,52.25779397163392,2259.5
2020-08-05,1937.0555419921875,2259.5,2300.0,2253.0,2260.0,3800641,2249.699951171875,2264.849951171875,2227.869982910156,0.4356158172568847,0.6287462891590382,53.44851515460762,2308.10009765625
2020-08-06,1978.720458984375,2308.10009765625,2319.5,2265.35009765625,2275.0,4748047,2259.5,2270.569970703125,2233.057482910156,2.1509226667957515,1.2208773572856968,64.37274621940153,2295.35009765625
2020-08-07,1967.7896728515625,2295.35009765625,2328.0,2287.0,2308.0,3165491,2308.10009765625,2273.360009765625,2236.707482910156,-0.5524023855354887,1.2751995549416648,61.53543433875009,2282.800048828125
2020-08-10,1957.0308837890625,2282.800048828125,2325.0,2276.050048828125,2318.0,2929353,2295.35009765625,2279.0900390625,2239.8474853515627,-0.5467596790981744,1.1320880491585472,57.71130589901339,2279.89990234375
2020-08-11,1954.544677734375,2279.89990234375,2312.0,2275.60009765625,2283.0,2774423,2282.800048828125,2285.130029296875,2245.244982910156,-0.12704338629498935,1.1254291215812477,62.95701207650611,2257.35009765625
2020-08-12,1935.2127685546875,2257.35009765625,2296.39990234375,2246.550048828125,2288.35009765625,3415751,2279.89990234375,2284.700048828125,2246.4174926757814,-0.9890699440058159,1.247410716462477,62.44764258466609,2254.449951171875
2020-08-13,1932.7265625,2254.449951171875,2300.0,2250.5,2273.0,2695682,2257.35009765625,2273.97001953125,2247.402490234375,-0.12847570642170458,0.3592930838774441,64.47859263171313,2242.14990234375
2020-08-14,1922.1815185546875,2242.14990234375,2281.300048828125,2233.10009765625,2277.0,2270405,2254.449951171875,2263.32998046875,2249.4724853515627,-0.5455897932766907,0.35890926201209344,55.93018750619464,2253.39990234375
2020-08-17,1931.8260498046875,2253.39990234375,2270.0,2238.25,2263.0,2625630,2242.14990234375,2257.449951171875,2251.7474853515623,0.5017505737792138,0.5541474916048367,36.34599685285313,2269.75
2020-08-18,1945.843017578125,2269.75,2289.0,2248.300048828125,2262.800048828125,3493374,2253.39990234375,2255.419970703125,2253.9824829101562,0.7255746145743647,0.7128568628540775,48.33332256876942,2256.60009765625
2020-08-19,1934.5699462890625,2256.60009765625,2284.60009765625,2252.5,2276.35009765625,2843005,2269.75,2255.269970703125,2257.264990234375,-0.5793546577266273,0.5974742712489982,44.23757427421376,2252.85009765625
2020-08-20,1931.355224609375,2252.85009765625,2276.550048828125,2240.050048828125,2257.0,2895164,2256.60009765625,2254.95,2261.3474975585937,-0.166179200465999,0.5996527493991899,42.88213338787078,2248.60009765625
2020-08-21,1927.71142578125,2248.60009765625,2271.0,2241.050048828125,2260.0,1975294,2252.85009765625,2256.2400390625,2265.907507324219,-0.18864992413039072,0.5384890720311791,48.437117564070476,2248.10009765625
2020-08-24,1927.282470703125,2248.10009765625,2259.949951171875,2230.0,2250.60009765625,2167966,2248.60009765625,2255.180078125,2267.972509765625,-0.022236057025937228,0.478317676852414,49.5392136043439,2242.64990234375
2020-08-25,1922.6103515625,2242.64990234375,2250.0,2233.550048828125,2245.0,1663419,2248.10009765625,2249.76005859375,2264.6175048828127,-0.2424356156641827,0.2065639910191215,45.022142084385145,2253.5
2020-08-26,1931.912109375,2253.5,2259.89990234375,2216.449951171875,2242.0,2618149,2242.64990234375,2249.1400390625,2263.4900024414064,0.48380701976313834,0.2970102955441027,29.23958368144129,2248.39990234375
2020-08-27,1927.5394287109373,2248.39990234375,2287.35009765625,2241.75,2266.0,3579393,2253.5,2248.25,2261.9349975585938,-0.2263189552363043,0.3051547194646116,31.045630524431687,2238.550048828125
2020-08-28,1919.095458984375,2238.550048828125,2279.949951171875,2235.10009765625,2268.39990234375,2941136,2248.39990234375,2246.239990234375,2259.7925048828124,-0.43808281193027376,0.35242839165636675,31.737574360379824,2257.25
2020-08-31,1935.126708984375,2257.25,2276.199951171875,2228.0,2240.0,6018154,2238.550048828125,2248.069970703125,2259.947509765625,0.8353599769486575,0.5476778772037227,41.73060604548015,2246.35009765625
2020-09-01,1925.7822265625,2246.35009765625,2278.0,2241.300048828125,2269.0,3610908,2257.25,2248.810009765625,2259.7800170898436,-0.4828841441466336,0.5920939153192586,45.610544979833605,2265.14990234375
2020-09-02,1941.8994140625,2265.14990234375,2268.75,2241.64990234375,2247.0,2084137,2246.35009765625,2251.139990234375,2260.0625122070314,0.8369044837273965,0.6744310244177353,53.78893586119252,2299.5
2020-09-03,1971.34765625,2299.5,2324.0,2268.0,2268.0,4654146,2265.14990234375,2261.360009765625,2259.6325073242188,1.5164602404771577,0.8795504072571564,67.56511413667687,2288.800048828125
2020-09-04,1962.1748046875,2288.800048828125,2324.25,2262.949951171875,2275.0,5231303,2299.5,2271.410009765625,2259.3050048828127,-0.4653164240867591,0.8865091454791321,60.87896653606815,2327.050048828125
2020-09-07,1994.9654541015625,2327.050048828125,2343.5,2283.35009765625,2289.0,4620401,2288.800048828125,2285.37001953125,2261.5175048828123,1.671181369450947,1.0428115911164322,65.52006887786479,2348.199951171875
2020-09-08,2013.09765625,2348.199951171875,2390.449951171875,2327.050048828125,2335.949951171875,7453998,2327.050048828125,2305.739990234375,2264.932507324219,0.9088718291383913,0.8430138078951341,73.77983467889652,2327.64990234375
2020-09-09,1995.4801025390625,2327.64990234375,2359.0,2320.0,2325.0,3866535,2348.199951171875,2318.239990234375,2268.4474975585936,-0.8751405014666425,1.1599318517746935,67.86051565695311,2331.14990234375
2020-09-10,1998.48095703125,2331.14990234375,2348.5,2324.300048828125,2335.0,2308813,2327.64990234375,2324.569970703125,2272.2824951171874,0.15036625552991012,1.029258991686748,69.78189391900588,2374.10009765625
2020-09-11,2035.3018798828125,2374.10009765625,2383.0,2330.14990234375,2330.949951171875,4145424,2331.14990234375,2341.62998046875,2278.8800048828125,1.8424467370939057,1.125538871298582,75.08959597707744,2491.39990234375
2020-09-14,2135.862060546875,2491.39990234375,2505.75,2381.85009765625,2384.10009765625,7512131,2374.10009765625,2374.499951171875,2290.7800048828126,4.940811248999166,2.2199068652411356,84.26783314341986,2491.39990234375
2020-09-15,2135.862060546875,2491.39990234375,2538.0,2464.60009765625,2491.39990234375,7318770,2491.39990234375,2403.13994140625,2301.8625,0.0,2.305084686048771,83.78303980030509,2503.0
2020-09-16,2145.80712890625,2503.0,2507.60009765625,2477.300048828125,2488.949951171875,3074003,2491.39990234375,2438.2099609375,2314.1824951171875,0.4656056077283033,2.0673596625471666,85.49921569908989,2460.949951171875
2020-09-17,2109.757568359375,2460.949951171875,2495.75,2450.60009765625,2480.0,4828176,2503.0,2464.169970703125,2324.5874877929687,-1.6799859699610509,2.4820801568730713,78.45445413177603,2449.89990234375
2020-09-18,2100.283935546875,2449.89990234375,2500.39990234375,2436.39990234375,2485.0,4183256,2460.949951171875,2479.329931640625,2334.652478027344,-0.4490155853378086,2.5250783167913444,75.140278147704,2465.300048828125
2020-09-21,2113.486328125,2465.300048828125,2504.89990234375,2452.14990234375,2465.0,4598809,2449.89990234375,2474.1099609375,2345.5124755859374,0.6286030898504213,0.9248971604970465,78.2406640572107,2522.949951171875
2020-09-22,2162.909423828125,2522.949951171875,2555.0,2458.0,2485.0,7499613,2465.300048828125,2480.419970703125,2359.527478027344,2.338453786635575,1.4802329234257223,80.2227316830238,2467.449951171875
2020-09-23,2115.329345703125,2467.449951171875,2519.85009765625,2409.0,2510.0,7502280,2522.949951171875,2473.3099609375,2370.2249755859375,-2.199805825486989,1.8272758819206973,68.7590635779829,2332.25
2020-09-24,1999.4239501953125,2332.25,2450.0,2302.60009765625,2450.0,8424708,2467.449951171875,2447.569970703125,2374.41748046875,-5.47933914962141,2.983287946703218,53.797075945786,2422.300048828125
2020-09-25,2076.623779296875,2422.300048828125,2440.0,2352.10009765625,2368.0,8228267,2332.25,2442.05,2383.60498046875,3.8610804514149333,3.7245439516938688,57.632820753609586,2426.300048828125
2020-09-28,2080.05224609375,2426.300048828125,2444.0,2366.0,2440.0,4347166,2422.300048828125,2434.25,2392.057482910156,0.16513230893651087,3.705411904323342,56.435403753197605,2488.39990234375
2020-09-29,2133.290283203125,2488.39990234375,2511.050048828125,2426.300048828125,2434.85009765625,6995811,2426.300048828125,2427.339990234375,2404.1599731445312,2.5594465756870743,3.745301680886316,62.39685168407489,2492.300048828125
2020-09-30,2136.6337890625,2492.300048828125,2505.0,2460.0,2489.0,3917166,2488.39990234375,2432.310009765625,2415.51748046875,0.15673310711439292,3.5782202197646025,62.420045151416055,2523.449951171875
2020-10-01,2163.33837890625,2523.449951171875,2540.0,2492.300048828125,2510.0,2610337,2492.300048828125,2470.55,2426.714978027344,1.249845593767751,1.6044845911472319,61.723829575687056,2705.800048828125
2020-10-05,2319.666015625,2705.800048828125,2728.10009765625,2603.050048828125,2620.0,17412105,2523.449951171875,2527.25,2447.564978027344,7.2262220842369995,2.940450039813412,65.27066039320538,2714.300048828125
2020-10-06,2326.953125,2714.300048828125,2736.0,2650.10009765625,2736.0,9846367,2705.800048828125,2584.85,2466.9274780273436,0.3141399898962005,2.914404983011465,65.68614144207513,2735.949951171875
2020-10-07,2345.51318359375,2735.949951171875,2770.0,2703.0,2742.0,9656101,2714.300048828125,2634.360009765625,2486.314978027344,0.7976237687169929,2.981130023419059,66.16473078800952,2825.699951171875
2020-10-08,2422.455078125,2825.699951171875,2885.0,2800.0,2800.0,19839329,2735.949951171875,2701.039990234375,2511.21748046875,3.2803962646158036,2.8354025308320345,73.73901724698992,2812.949951171875
2020-10-09,2411.524658203125,2812.949951171875,2829.85009765625,2780.0,2810.0,7739245,2825.699951171875,2758.939990234375,2535.307482910156,-0.4512156357829977,3.121563991896248,73.57621091316115,2830.0
2020-10-12,2426.14208984375,2830.0,2854.0,2800.75,2815.5,4623203,2812.949951171875,2783.77998046875,2558.1024780273438,0.6061269885382137,1.4081637972134162,73.63271257182073,2826.550048828125
2020-10-13,2423.184326171875,2826.550048828125,2854.89990234375,2812.199951171875,2845.0,4209878,2830.0,2806.22998046875,2574.8599853515625,-0.12190640183303847,1.4665388412953126,71.15975320489915,2809.60009765625
2020-10-14,2418.9228515625,2809.60009765625,2842.0,2787.550048828125,2842.0,4395936,2826.550048828125,2820.960009765625,2590.7699951171876,-0.5996692391455172,1.5994984564200891,75.200723305194,2740.60009765625
2020-10-15,2359.517333984375,2740.60009765625,2827.75,2727.0,2811.0,6629355,2809.60009765625,2803.9400390625,2602.65,-2.4558655182835176,1.134635183775402,83.32654556003912,2763.300048828125
2020-10-16,2379.060302734375,2763.300048828125,2771.64990234375,2731.300048828125,2750.10009765625,5273773,2740.60009765625,2794.01005859375,2617.7675048828123,0.8282839656645891,1.3087735867923116,81.2672035702837,2711.550048828125
2020-10-19,2334.50634765625,2711.550048828125,2774.0,2706.60009765625,2774.0,3331194,2763.300048828125,2770.320068359375,2630.8500122070313,-1.8727607963509585,1.3260947210168714,74.04941353536984,2739.0
2020-10-20,2358.1396484375,2739.0,2759.89990234375,2717.949951171875,2725.0,3406273,2711.550048828125,2752.81005859375,2644.535009765625,1.0123342987431894,1.557420663480833,72.43912441642773,2675.39990234375
2020-10-21,2303.3828125,2675.39990234375,2749.0,2663.050048828125,2739.0,4570143,2739.0,2725.97001953125,2652.157507324219,-2.3220188994614865,1.7330524676523031,64.81151083228629,2671.14990234375
2020-10-22,2299.724609375,2671.14990234375,2686.64990234375,2638.10009765625,2661.0,5262294,2675.39990234375,2712.07998046875,2662.3425048828126,-0.15885475648993452,1.5306913953774055,62.491539527287216,2686.800048828125
2020-10-23,2313.198486328125,2686.800048828125,2702.0,2670.10009765625,2687.800048828125,3499091,2671.14990234375,2696.77998046875,2680.0700073242188,0.5858954778480641,1.4810370405102453,47.76207302709069,2688.199951171875
2020-10-26,2314.40283203125,2688.199951171875,2709.949951171875,2670.5,2689.949951171875,2672752,2686.800048828125,2692.1099609375,2693.3650024414064,0.05210295959168221,1.289365727887814,46.873490205712216,2630.14990234375
2020-10-27,2264.42578125,2630.14990234375,2718.14990234375,2624.10009765625,2699.75,3537502,2688.199951171875,2670.33994140625,2703.5574951171875,-2.159439397460705,1.3437325707462247,38.342878201386405,2622.199951171875
2020-10-28,2257.580810546875,2622.199951171875,2655.949951171875,2606.0,2650.0,3569445,2630.14990234375,2659.699951171875,2710.2474975585938,-0.3022622841683198,1.0415921487733502,22.647849462365585,2632.64990234375
2020-10-29,2266.578125,2632.64990234375,2655.0,2600.25,2608.0,3105968,2622.199951171875,2651.999951171875,2717.264990234375,0.3985184717589796,1.101489431896281,25.615353984141763,2664.85009765625
2020-10-30,2294.30029296875,2664.85009765625,2674.35009765625,2621.60009765625,2636.10009765625,3427003,2632.64990234375,2647.6099609375,2724.334997558594,1.2231096616315495,1.253783315123606,28.543606543233523,2604.60009765625
2020-11-02,2242.428466796875,2604.60009765625,2664.85009765625,2600.050048828125,2660.0,2571196,2664.85009765625,2630.889990234375,2719.275,-2.260915165659416,1.5490211749690455,24.87265056531264,2633.60009765625
2020-11-03,2267.3955078125,2633.60009765625,2665.0,2601.050048828125,2604.0,2879269,2604.60009765625,2631.580029296875,2715.2400024414064,1.1134146860432015,1.4222955752490092,30.603931647111736,2653.14990234375
2020-11-04,2284.2275390625,2653.14990234375,2721.85009765625,2610.0,2610.0,4893928,2633.60009765625,2637.77001953125,2711.1,0.7423224469386369,1.4371270222077626,39.18364931199753,2685.699951171875
2020-11-05,2312.2509765625,2685.699951171875,2710.0,2667.0,2685.0,2816502,2653.14990234375,2648.380029296875,2704.1,1.2268454488519875,1.5056059083302227,40.63027295870539,2707.449951171875
2020-11-06,2330.9765625,2707.449951171875,2713.25,2681.300048828125,2699.0,3884421,2685.699951171875,2656.9,2698.825,0.8098447479402804,1.4604026968133488,49.46627224501263,2726.60009765625
2020-11-09,2347.4638671875,2726.60009765625,2744.0,2695.10009765625,2731.10009765625,3646592,2707.449951171875,2681.3,2693.6550048828126,0.7073130373503655,0.23478851828604527,48.35020054856888,2649.60009765625
2020-11-10,2281.1708984375,2649.60009765625,2713.14990234375,2638.35009765625,2697.199951171875,4760020,2726.60009765625,2684.5,2684.807507324219,-2.824029826236274,1.6658143593129706,46.68553549070234,2687.800048828125
2020-11-11,2314.05908203125,2687.800048828125,2692.800048828125,2643.39990234375,2667.949951171875,3242441,2649.60009765625,2691.430029296875,2678.7175048828126,1.4417251571535505,1.7567129315688805,51.96740407899042,2671.050048828125
2020-11-12,2299.6376953125,2671.050048828125,2713.0,2661.75,2686.0,2437505,2687.800048828125,2688.500048828125,2675.2400024414064,-0.6231862376556929,1.6993030465544252,48.14378314672952,2656.85009765625
2020-11-13,2287.412841796875,2656.85009765625,2664.89990234375,2636.0,2655.75,2548093,2671.050048828125,2678.380078125,2669.9175048828124,-0.5316243017649547,1.6244505154795081,46.41347099723655,2670.35009765625
2020-11-14,2299.035888671875,2670.35009765625,2689.0,2660.050048828125,2677.949951171875,298819,2656.85009765625,2667.130078125,2667.8575073242187,0.5081204999826339,1.5937004039603537,55.1210439888535,2666.050048828125
2020-11-17,2295.332763671875,2666.050048828125,2695.0,2650.050048828125,2695.0,2827273,2670.35009765625,2670.420068359375,2664.210009765625,-0.16102940329431048,0.8592556627459744,55.638432125972386,2626.64990234375
2020-11-18,2261.411865234375,2626.64990234375,2664.199951171875,2607.050048828125,2661.0,2893762,2666.050048828125,2658.1900390625,2661.772509765625,-1.4778472182730984,0.7235972298931327,49.28195359110857,2636.89990234375
2020-11-19,2270.23681640625,2636.89990234375,2676.14990234375,2630.85009765625,2637.0,4167501,2626.64990234375,2651.360009765625,2660.060009765625,0.3902309169887541,0.8030225721110656,46.46959853262794,2660.25
2020-11-20,2290.339599609375,2660.25,2676.0,2627.550048828125,2655.0,2711471,2636.89990234375,2652.039990234375,2658.7325073242187,0.8855132360350737,0.9220031000084135,57.75175819242855,2724.25
2020-11-23,2345.440673828125,2724.25,2730.0,2665.0,2690.0,3706418,2660.25,2662.819970703125,2660.535009765625,2.405788929611874,1.4229992989548736,61.50524906731449,2722.050048828125
2020-11-24,2343.546875,2722.050048828125,2743.0,2705.0,2734.39990234375,3120516,2724.25,2674.019970703125,2665.130017089844,-0.08075437907222316,1.4153992621924414,59.14764789586109,2701.300048828125
2020-11-25,2325.681640625,2701.300048828125,2732.949951171875,2688.199951171875,2729.0,3302249,2722.050048828125,2688.95,2669.0850219726562,-0.762293110993062,1.1937803607208335,52.13816956248804,2720.60009765625
2020-11-26,2342.297607421875,2720.60009765625,2730.949951171875,2680.0,2686.0,2341099,2701.300048828125,2705.6900390625,2673.482531738281,0.714472605014671,1.190532281678444,51.81456245068849,2679.64990234375
2020-11-27,2307.041748046875,2679.64990234375,2717.699951171875,2669.050048828125,2705.0,6086808,2720.60009765625,2709.57001953125,2674.222521972656,-1.5051898052851564,1.502688889848351,43.889086610570196,2726.800048828125
2020-12-01,2347.635986328125,2726.800048828125,2735.89990234375,2624.449951171875,2679.0,3605017,2679.64990234375,2710.080029296875,2680.33251953125,1.7595636819248472,1.270489943245278,60.89469858015525,2749.550048828125
2020-12-02,2367.22265625,2749.550048828125,2754.699951171875,2702.449951171875,2719.0,2509032,2726.800048828125,2715.580029296875,2686.130017089844,0.8343112656821638,1.3164932625039596,59.11168558690195,2709.449951171875
2020-12-03,2332.698486328125,2709.449951171875,2773.89990234375,2700.800048828125,2773.89990234375,2852548,2749.550048828125,2717.210009765625,2688.94501953125,-1.4584239946219935,1.4723653901189848,55.30091522229427,2727.550048828125
2020-12-04,2348.28173828125,2727.550048828125,2738.85009765625,2699.0,2710.800048828125,2686527,2709.449951171875,2718.6,2691.0375244140623,0.6680358737913394,1.4674137319517846,59.655803178155566,2737.699951171875
2020-12-07,2357.02001953125,2737.699951171875,2744.0,2706.14990234375,2715.0,1996400,2727.550048828125,2730.210009765625,2692.5500244140626,0.3721252465417102,1.178689074348559,59.2832139946306,2797.300048828125
2020-12-08,2408.333251953125,2797.300048828125,2805.550048828125,2732.449951171875,2740.0,4277818,2737.699951171875,2744.310009765625,2696.0850219726562,2.1770135047392003,1.3040723488653991,65.697853692266,2810.800048828125
2020-12-09,2419.955810546875,2810.800048828125,2840.0,2793.14990234375,2815.0,3659996,2797.300048828125,2756.560009765625,2704.14501953125,0.4826082209398841,1.292218080517918,73.47951656312316,2784.300048828125
2020-12-10,2397.140625,2784.300048828125,2827.300048828125,2780.25,2818.0,2127801,2810.800048828125,2771.530029296875,2708.97001953125,-0.9427920712840598,1.1096964546454144,68.04602318614977,2783.60009765625
2020-12-11,2396.537841796875,2783.60009765625,2807.699951171875,2764.550048828125,2792.699951171875,1795408,2784.300048828125,2782.7400390625,2714.597521972656,-0.025139214869085436,1.134504024501219,65.9883268334732,2797.699951171875
2020-12-14,2408.6767578125,2797.699951171875,2804.0,2756.25,2802.0,2483658,2783.60009765625,2794.7400390625,2721.6400146484375,0.5065330155541004,1.1348927029337865,60.93492279610335,2761.550048828125
2020-12-15,2377.553955078125,2761.550048828125,2794.699951171875,2755.0,2786.0,2365509,2797.699951171875,2787.5900390625,2726.2000122070312,-1.2921293553516344,0.8254584036643229,55.34072048495347,2814.199951171875
2020-12-16,2422.882080078125,2814.199951171875,2819.800048828125,2760.449951171875,2779.0,2565149,2761.550048828125,2788.27001953125,2733.6075073242187,1.9065344249723948,1.2694343360433706,64.0527567152314,2838.199951171875
2020-12-17,2443.54541015625,2838.199951171875,2853.699951171875,2805.0,2811.0,2863460,2814.199951171875,2799.05,2744.185009765625,0.8528178671173059,1.1757504345245011,64.46848069974138,2861.0
2020-12-18,2463.175048828125,2861.0,2898.0,2846.199951171875,2868.0,6076692,2838.199951171875,2814.52998046875,2755.3900146484375,0.8033277859338606,1.1609524655123227,73.35480974323889,2820.14990234375
2020-12-21,2428.005615234375,2820.14990234375,2886.5,2785.0,2861.0,2705195,2861.0,2819.019970703125,2763.385009765625,-1.4278258530671106,1.4640487744787445,62.22016827456252,2872.5
2020-12-22,2473.076171875,2872.5,2883.64990234375,2818.64990234375,2834.0,2881737,2820.14990234375,2841.2099609375,2770.797509765625,1.8562877672829714,1.3514950444730216,64.93742395632935,2908.75
2020-12-23,2504.28515625,2908.75,2919.0,2865.449951171875,2876.050048828125,2790988,2872.5,2860.119970703125,2780.1325073242188,1.2619669277632806,1.2459708207247386,74.44200057606895,2909.35009765625
2020-12-24,2504.802001953125,2909.35009765625,2921.35009765625,2883.199951171875,2909.0,1807144,2908.75,2874.35,2790.535009765625,0.020630774602481416,1.2706675240742424,73.29575494334773,2929.39990234375
2020-12-28,2522.063720703125,2929.39990234375,2949.699951171875,2902.0,2910.0,2108994,2909.35009765625,2888.02998046875,2800.975,0.6891506355199972,1.2649312080958244,73.95651354123635,2930.5
2020-12-29,2523.010986328125,2930.5,2952.0,2920.0,2920.0,1994151,2929.39990234375,2910.1,2813.5175048828123,0.03755368652023083,0.7947597783104412,69.49648833291761,2909.300048828125
2020-12-30,2504.75927734375,2909.300048828125,2947.699951171875,2902.0,2934.39990234375,2637968,2930.5,2917.460009765625,2822.6425048828123,-0.7234243703079679,0.7519926171066417,64.09963571095076,2862.75
2020-12-31,2464.681884765625,2862.75,2905.0,2845.0,2900.0,4040956,2909.300048828125,2908.260009765625,2828.3025024414064,-1.6000428985272763,0.8751294302142566,60.620005724268715,2928.25
2021-01-01,2521.074951171875,2928.25,2940.0,2879.0,2880.0,2681440,2862.75,2912.039990234375,2839.2425048828127,2.288009780805167,1.4747239821782063,66.65898132912852,3039.449951171875
2021-01-04,2616.8115234375,3039.449951171875,3050.75,2940.949951171875,2950.0,5113293,2928.25,2934.05,2854.8375,3.7974883009263216,2.227859289494372,72.75294117647059,3093.0
2021-01-05,2662.915283203125,3093.0,3114.25,3039.60009765625,3039.60009765625,5801309,3039.449951171875,2966.55,2872.602502441406,1.7618335451609735,2.221532590410667,80.20594756929627,3051.5
2021-01-06,2627.18603515625,3051.5,3113.5,3037.199951171875,3100.0,3726716,3093.0,2994.989990234375,2885.3125,-1.3417394115745274,2.3615398948246513,72.07441312027021,3032.800048828125
2021-01-07,2611.086181640625,3032.800048828125,3080.85009765625,3000.25,3075.0,3717827,3051.5,3029.0,2896.4125,-0.6128117703383618,2.120777819190267,68.28260299134085,3120.89990234375
2021-01-08,2686.936279296875,3120.89990234375,3128.0,3060.0,3090.0,5879039,3032.800048828125,3067.52998046875,2913.2424926757812,2.904901480388289,2.217209060721795,71.74894580282427,3176.449951171875
2021-01-11,2734.761962890625,3176.449951171875,3230.0,3146.550048828125,3230.0,9508039,3120.89990234375,3094.92998046875,2932.8849853515626,1.7799368953296923,1.7923907617146586,79.09997363982913,3174.85009765625
2021-01-12,2733.384033203125,3174.85009765625,3210.0,3150.0,3176.449951171875,3611458,3176.449951171875,3111.3,2951.7424926757812,-0.0503660860463051,1.757026763485473,76.92583982766433,3158.949951171875
2021-01-13,2719.695068359375,3158.949951171875,3177.0,3126.25,3175.0,3572801,3174.85009765625,3132.789990234375,2971.6124877929688,-0.5008156604342617,1.5617497872783457,73.11957299066707,3250.699951171875
2021-01-14,2804.012939453125,3250.699951171875,3266.5,3120.39990234375,3155.0,6931542,3158.949951171875,3176.369970703125,2993.4374877929686,2.9044461424899692,1.61158387153937,76.99485846788907,3233.35009765625
2021-01-15,2789.047607421875,3233.35009765625,3274.0,3210.0,3235.0,4131692,3250.699951171875,3198.860009765625,3013.1949951171873,-0.5337266981337518,1.5452310938185887,74.14028191648609,3221.75
2021-01-18,2779.04150390625,3221.75,3256.75,3187.39990234375,3250.0,4160906,3233.35009765625,3207.92001953125,3031.2324951171877,-0.35876404675938556,1.4727495001334647,72.75213568280056,3260.699951171875
2021-01-19,2812.63916015625,3260.699951171875,3279.0,3232.0,3233.0,2975735,3221.75,3225.089990234375,3053.2599975585936,1.208968764549545,1.5068184173406656,76.7102467832663,3308.800048828125
2021-01-20,2854.129150390625,3308.800048828125,3327.949951171875,3267.10009765625,3270.0,3453446,3260.699951171875,3255.060009765625,3075.075,1.4751463911594431,1.4209530116135731,83.82499036359873,3273.85009765625
2021-01-21,2823.98193359375,3273.85009765625,3309.14990234375,3262.10009765625,3305.0,2778546,3308.800048828125,3259.6900390625,3093.3300048828123,-1.0562726866573002,1.1245890066473974,77.48093233171453,3303.10009765625
2021-01-22,2849.2119140625,3303.10009765625,3325.0,3241.89990234375,3241.89990234375,3052459,3273.85009765625,3273.6400390625,3113.0175048828123,0.8934434725933249,1.0891541475360853,74.10626470770754,3291.300048828125
2021-01-25,2839.0341796875,3291.300048828125,3339.800048828125,3278.64990234375,3308.949951171875,2272887,3303.10009765625,3287.550048828125,3131.112512207031,-0.35724163601635883,1.088877818153153,69.62978680828212,3261.050048828125
2021-01-27,2812.9404296875,3261.050048828125,3306.449951171875,3227.0,3300.0,2786662,3291.300048828125,3287.620068359375,3147.6400146484375,-0.9190897077515192,1.1249553973388136,71.21596749866151,3196.550048828125
2021-01-28,2757.3037109375,3196.550048828125,3275.0,3183.800048828125,3230.0,3083938,3261.050048828125,3265.170068359375,3162.0025146484377,-1.9778905271073177,1.0563029890259128,65.17187340244281,3111.35009765625
2021-01-29,2683.811767578125,3111.35009765625,3216.85009765625,3100.0,3210.050048828125,5445659,3196.550048828125,3232.670068359375,3174.43251953125,-2.6653720376788703,1.3905403726247592,49.110404779925474,3139.35009765625
2021-02-01,2707.964111328125,3139.35009765625,3165.0,3044.10009765625,3100.0,3985846,3111.35009765625,3199.920068359375,3184.9875244140626,0.8999308699169539,1.39275614163044,46.35704467073855,3203.449951171875
2021-02-02,2763.25537109375,3203.449951171875,3224.0,3150.0,3174.0,2881837,3139.35009765625,3182.350048828125,3193.1875244140624,2.041819214858509,1.966365622083675,52.50129927919364,3200.050048828125
2021-02-03,2760.322998046875,3200.050048828125,3236.0,3162.64990234375,3213.0,2505866,3203.449951171875,3170.150048828125,3198.5400268554686,-0.10613252573233867,1.959139373099634,53.67490336095197,3188.449951171875
2021-02-04,2750.31689453125,3188.449951171875,3237.85009765625,3176.0,3216.050048828125,2057261,3200.050048828125,3168.530029296875,3205.3875244140627,-0.36249738220494043,1.7477403758538985,43.502763241850424,3157.949951171875
2021-02-05,2724.00830078125,3157.949951171875,3205.85009765625,3129.0,3198.949951171875,2366135,3188.449951171875,3177.85,3211.64501953125,-0.956577662095337,1.1807445030291166,42.3404963465706,3214.10009765625
2021-02-08,2772.442626953125,3214.10009765625,3226.0,3155.14990234375,3189.5,2526592,3157.949951171875,3192.8,3216.305029296875,1.778056883502499,1.3454863250667262,49.287386833372146,3176.89990234375
2021-02-09,2740.353515625,3176.89990234375,3245.800048828125,3164.0,3195.0,2658751,3214.10009765625,3187.489990234375,3216.327526855469,-1.1574062469189017,1.1650453229691164,42.16822330962356,3213.300048828125
2021-02-10,2771.751953125,3213.300048828125,3219.39990234375,3157.300048828125,3185.0,2127983,3176.89990234375,3190.139990234375,3218.2500244140624,1.1457756807987884,1.3057850086736134,40.87522009034085,3206.0
2021-02-11,2765.45556640625,3206.0,3219.300048828125,3185.050048828125,3215.0,1165882,3213.300048828125,3193.65,3220.6025268554686,-0.22718229599465456,1.2954371862493361,43.15544797909943,3190.800048828125
2021-02-12,2752.343994140625,3190.800048828125,3245.5,3182.0,3184.199951171875,2777404,3206.0,3200.22001953125,3217.607531738281,-0.47410951877339125,1.2107194908153225,38.34095004904608,3139.85009765625
2021-02-15,2708.3955078125,3139.85009765625,3209.0,3131.550048828125,3209.0,2630853,3190.800048828125,3185.37001953125,3212.9325317382813,-1.5967766827190366,1.050182910748332,35.458484861413055,3108.800048828125
2021-02-16,2681.61181640625,3108.800048828125,3167.64990234375,3100.0,3150.0,3435770,3139.85009765625,3171.750048828125,3207.2850341796875,-0.9889022680191761,1.024679673621034,35.40409217935935,3073.10009765625
2021-02-17,2650.817138671875,3073.10009765625,3132.85009765625,3045.550048828125,3105.10009765625,3678426,3108.800048828125,3143.71005859375,3197.9050415039064,-1.148351473596132,0.5450480564933601,37.47337493589919,3057.35009765625
2021-02-18,2637.232177734375,3057.35009765625,3097.89990234375,3031.0,3065.0,4189909,3073.10009765625,3113.980078125,3185.3325439453124,-0.5125117796199397,0.4682072723862385,43.62154941811173,3071.85009765625
2021-02-19,2649.739013671875,3071.85009765625,3087.14990234375,3016.14990234375,3058.0,3725028,3057.35009765625,3090.190087890625,3175.2325439453125,0.47426691536294197,0.7886570607293075,41.76428114399282,2958.449951171875
2021-02-22,2551.921875,2958.449951171875,3096.0,2943.14990234375,3096.0,5366696,3071.85009765625,3053.91005859375,3158.000036621094,-3.691591154493401,1.543335108989395,23.31739410659854,2980.199951171875
2021-02-23,2570.68310546875,2980.199951171875,3028.0,2968.0,2970.0,3832829,2958.449951171875,3028.1900390625,3142.445031738281,0.7351822866357605,1.7707165468938741,26.97666950631968,2948.10009765625
2021-02-24,2542.993896484375,2948.10009765625,3003.35009765625,2921.14990234375,2972.0,3774549,2980.199951171875,3003.1900390625,3126.7975341796873,-1.0771040212588012,1.7677843837664775,25.866086815829533,2995.300048828125
2021-02-25,2583.707763671875,2995.300048828125,3029.89990234375,2968.449951171875,2974.0,4224073,2948.10009765625,2990.780029296875,3116.7350341796873,1.6010294633278965,2.0826541592544814,34.19802012136576,2894.300048828125
2021-02-26,2496.586669921875,2894.300048828125,2972.35009765625,2880.0,2960.0,5553153,2995.300048828125,2955.27001953125,3105.882531738281,-3.371949332405444,2.372948642143525,21.420919635224834,2924.199951171875
2021-03-01,2522.3779296875,2924.199951171875,2965.0,2901.800048828125,2926.0,3265871,2894.300048828125,2948.42001953125,3095.1250244140624,1.0330615982906188,2.029040105800924,27.11879993509625,3006.35009765625
2021-03-02,2593.239990234375,3006.35009765625,3025.0,2948.0,2960.0,3306469,2924.199951171875,2953.650048828125,3085.2700317382814,2.809320424598649,2.442091245743106,32.695044061272185,3059.10009765625
2021-03-03,2638.74169921875,3059.10009765625,3064.0,2996.89990234375,3035.0,3509857,3006.35009765625,2975.850048828125,3078.2225341796875,1.754619331964169,2.400195005079086,38.58409040717684,3049.699951171875
2021-03-04,2630.633056640625,3049.699951171875,3081.449951171875,3016.050048828125,3023.0,3916760,3059.10009765625,2986.730029296875,3071.2850341796875,-0.3072846976003518,2.385743406009459,38.935063045401115,3008.050048828125
2021-03-05,2594.70654296875,3008.050048828125,3063.199951171875,2996.60009765625,3016.10009765625,3203686,3049.699951171875,3009.480029296875,3063.7900390625,-1.3657049221430961,1.6521339771883887,39.51137684344032,3006.949951171875
2021-03-08,2593.757080078125,3006.949951171875,3033.0,2996.0,3016.0,2003125,3008.050048828125,3026.030029296875,3053.4325317382813,-0.036571786984684884,1.6809511006210862,41.48908823987838,3050.949951171875
2021-03-09,2631.7119140625,3050.949951171875,3066.89990234375,2992.10009765625,3006.949951171875,1942397,3006.949951171875,3034.95,3047.1350341796874,1.4632767659751744,1.2967039466616261,48.174388763215646,3070.949951171875
2021-03-10,2648.96240234375,3070.949951171875,3093.199951171875,3060.0,3075.0,3053778,3050.949951171875,3037.319970703125,3040.017529296875,0.655533532836805,1.0604618676230584,51.113099546127934,3057.949951171875
2021-03-12,2637.749267578125,3057.949951171875,3117.0,3041.35009765625,3075.0,2938317,3070.949951171875,3038.969970703125,3032.615026855469,-0.42332178012342014,1.0723102667790525,48.85952222324159,3066.14990234375
2021-03-15,2644.822509765625,3066.14990234375,3099.0,3041.0,3041.0,3097083,3057.949951171875,3050.58994140625,3026.38251953125,0.2681519090504514,0.721219222694807,60.68028179312155,3110.050048828125
2021-03-16,2682.6904296875,3110.050048828125,3141.0,3060.0,3060.0,4894756,3066.14990234375,3071.2099609375,3024.8925170898438,1.4317677831347408,0.800969644165634,62.33495521654228,3112.949951171875
2021-03-17,2685.19140625,3112.949951171875,3155.0,3085.300048828125,3105.0,3838390,3110.050048828125,3083.6099609375,3025.1000122070313,0.09324294780537201,0.6926499719449862,66.57948355052994,3036.5
2021-03-18,2619.24609375,3036.5,3146.449951171875,2987.050048828125,3125.949951171875,3656306,3112.949951171875,3076.719970703125,3023.2700073242186,-2.455868304053377,1.4234779602211192,53.91336813325696,3050.199951171875
2021-03-19,2631.064208984375,3050.199951171875,3099.0,3005.0,3030.0,5776626,3036.5,3075.169970703125,3022.9125,0.4511757342952505,1.4453769721338057,67.75220538276861,3129.64990234375
2021-03-22,2699.59716796875,3129.64990234375,3139.449951171875,3018.64990234375,3048.699951171875,2821646,3050.199951171875,3087.869970703125,3025.802490234375,2.604745670569919,1.8824865638801753,71.02219273338991,3142.60009765625
2021-03-23,2710.767578125,3142.60009765625,3169.0,3122.85009765625,3140.0,3305973,3129.64990234375,3094.37998046875,3035.0099975585936,0.41379054260355375,1.7996067205638993,66.24149917232612,3121.10009765625
2021-03-24,2692.2216796875,3121.10009765625,3152.300048828125,3111.14990234375,3111.199951171875,2207104,3142.60009765625,3096.010009765625,3042.0550048828127,-0.6841468634852577,1.8464214191950588,57.98557042843451,3064.85009765625
2021-03-25,2643.701416015625,3064.85009765625,3130.85009765625,3050.0,3112.199951171875,3179786,3121.10009765625,3101.680029296875,3047.8925048828123,-1.8022491506196836,1.6341862693311906,51.74119581473261,3066.800048828125
2021-03-26,2645.38330078125,3066.800048828125,3118.0,3043.050048828125,3090.64990234375,3697370,3064.85009765625,3105.000048828125,3051.4675048828126,0.06362305201699225,1.6282769017972722,57.430123370183416,3158.550048828125
2021-03-30,2724.525390625,3158.550048828125,3188.449951171875,3060.89990234375,3083.0,4694008,3066.800048828125,3110.780078125,3064.6800048828127,2.991717703769403,1.7782470672598958,65.59671786586935,3177.85009765625
2021-03-31,2741.17333984375,3177.85009765625,3205.0,3132.0,3155.0,3530069,3158.550048828125,3117.830078125,3077.362512207031,0.6110414123494889,1.7864405802031589,63.75462096814741,3165.0
2021-04-01,2730.088623046875,3165.0,3215.0,3145.0,3191.10009765625,4285076,3177.85009765625,3126.61005859375,3085.2950073242187,-0.40436449994061263,1.7545100558376605,60.354510458289674,3238.89990234375
2021-04-05,2793.834716796875,3238.89990234375,3263.0,3151.0,3171.0,5317862,3165.0,3161.42001953125,3094.2849975585937,2.3349100266587763,1.4729214062977283,67.56624929786764,3264.699951171875
2021-04-06,2816.089599609375,3264.699951171875,3275.0,3230.0,3275.0,2291562,3238.89990234375,3201.0,3105.0349975585937,0.7965682671902119,1.3747840467626364,68.63794182153194,3271.39990234375
2021-04-07,2821.868408203125,3271.39990234375,3277.550048828125,3234.800048828125,3259.0,2491268,3264.699951171875,3223.569970703125,3118.202490234375,0.20522410243153377,1.0190948975038523,66.28316373167343,3317.35009765625
2021-04-08,2861.504150390625,3317.35009765625,3335.0,3266.050048828125,3270.0,2578118,3271.39990234375,3251.469970703125,3133.7224975585937,1.4046034322975798,1.0610198163006288,68.97864937931185,3322.25
2021-04-09,2865.73095703125,3322.25,3354.35009765625,3308.0,3354.0,2911129,3317.35009765625,3282.919970703125,3147.2875,0.1477053129608441,0.9141504857223333,80.59748158031776,3246.550048828125
2021-04-12,2800.43359375,3246.550048828125,3338.10009765625,3213.199951171875,3322.25,3791828,3322.25,3284.45,3156.0675048828125,-2.278574796354127,1.4007217559308813,68.56035779892734,3104.050048828125
2021-04-13,2677.514404296875,3104.050048828125,3214.0,3073.050048828125,3214.0,8654596,3246.550048828125,3252.32001953125,3158.372509765625,-4.38927470258581,2.3276725600881476,47.837851101498536,3218.949951171875
2021-04-15,2776.625732421875,3218.949951171875,3237.25,3087.449951171875,3160.300048828125,6062760,3104.050048828125,3241.830029296875,3166.0125122070312,3.7016124268720585,3.1525568620939177,55.501106627840585,3195.14990234375
2021-04-16,2756.095947265625,3195.14990234375,3247.0,3182.60009765625,3229.0,3224657,3218.949951171875,3217.389990234375,3170.2675048828123,-0.7393730623074912,3.0081689662154742,55.31775976211849,3161.800048828125
2021-04-19,2727.3291015625,3161.800048828125,3189.0,3135.10009765625,3169.0,2679106,3195.14990234375,3185.3,3172.710009765625,-1.0437649104087954,2.970032622984828,57.19907717107904,3144.550048828125
2021-04-20,2712.44921875,3144.550048828125,3225.35009765625,3126.35009765625,3225.0,3141893,3161.800048828125,3164.9,3178.112512207031,-0.5455752967804983,2.8758360873626083,55.64510353776177,3118.800048828125
2021-04-22,2690.238037109375,3118.800048828125,3148.0,3105.25,3148.0,1988980,3144.550048828125,3167.85,3181.542517089844,-0.8188770921167654,2.015246652331441,46.8079975721208,3109.5
2021-04-23,2682.2158203125,3109.5,3119.0,3091.050048828125,3105.0,1615309,3118.800048828125,3145.960009765625,3180.535021972656,-0.2981931730961507,0.28220743469263493,44.421765400208976,3100.800048828125
2021-04-26,2674.711181640625,3100.800048828125,3153.0,3088.050048828125,3102.050048828125,2490260,3109.5,3127.0900390625,3178.44501953125,-0.2797861769376131,0.33218318449020645,44.72473484552131,3132.0
2021-04-27,2701.623291015625,3132.0,3136.10009765625,3103.0,3106.0,1471417,3100.800048828125,3121.130029296875,3178.9900146484374,1.0061903599255295,0.702232338010693,40.5532043791715,3124.10009765625
2021-04-28,2694.809326171875,3124.10009765625,3151.0,3112.0,3149.949951171875,1639037,3132.0,3117.0400390625,3181.9525146484375,-0.252231875598663,0.6765972893679819,37.169196821847635,3115.25
2021-04-29,2687.17529296875,3115.25,3157.35009765625,3105.5,3145.60009765625,1621395,3124.10009765625,3116.330029296875,3184.3750122070314,-0.283284702141573,0.5747144417558043,35.805839670058276,3035.64990234375
2021-04-30,2618.513671875,3035.64990234375,3132.050048828125,3020.0,3099.0,3072305,3115.25,3101.560009765625,3178.2300048828124,-2.5551752718481646,1.2889452977652271,25.869424644287307,3037.0
2021-05-03,2619.677734375,3037.0,3055.0,3004.0,3024.89990234375,1545831,3035.64990234375,3088.8,3171.1875,0.044474748395972874,1.3090881400840533,25.415836592610162,3049.75
2021-05-04,2630.6767578125,3049.75,3090.0,3035.0,3062.800048828125,1990777,3037.0,3072.35,3165.425,0.41982219295357837,1.1695544499441237,30.974471441633526,3095.699951171875
2021-05-05,2670.31201171875,3095.699951171875,3099.39990234375,3052.39990234375,3070.0,1939289,3049.75,3066.669970703125,3158.265002441406,1.5066792744282242,1.4922278973997427,49.007476572593326,3111.449951171875
2021-05-06,2683.89794921875,3111.449951171875,3134.0,3074.0,3105.5,1791671,3095.699951171875,3065.9099609375,3150.602502441406,0.5087702376981973,1.5194522891684008,33.281493001555205,3132.89990234375
2021-05-07,2702.400390625,3132.89990234375,3159.85009765625,3111.800048828125,3133.0,1912540,3111.449951171875,3085.3599609375,3143.6775024414064,0.6893876330485771,0.5416944259973038,40.24752952408054,3145.5
2021-05-10,2713.268798828125,3145.5,3164.199951171875,3125.0,3145.949951171875,2137153,3132.89990234375,3107.0599609375,3135.084997558594,0.4021864103230355,0.4621853781303431,47.2687599151399,3122.60009765625
2021-05-11,2693.515380859375,3122.60009765625,3128.10009765625,3091.14990234375,3125.0,2415625,3145.5,3121.62998046875,3125.102502441406,-0.7280210568669565,0.8006283297434184,46.39040492568988,3087.60009765625
2021-05-12,2663.325439453125,3087.60009765625,3120.0,3070.60009765625,3120.0,1978558,3122.60009765625,3120.010009765625,3117.1550048828126,-1.1208607860567876,0.8169831315650508,45.020755456538225,3051.5
2021-05-14,2632.185546875,3051.5,3098.5,3040.0,3098.5,2043935,3087.60009765625,3108.02001953125,3114.5275024414063,-1.1691960265078682,0.8729388191974501,41.47309859660457,3069.75
2021-05-17,2647.927978515625,3069.75,3075.199951171875,3036.0,3055.0,2890462,3051.5,3095.3900390625,3107.0675048828125,0.5980665246600125,0.8453515382245176,45.559840437602595,3088.800048828125
2021-05-18,2664.3603515625,3088.800048828125,3124.0,3078.0,3100.0,2098538,3069.75,3084.050048828125,3101.7500122070314,0.6205732984160051,0.9011884152959754,43.60001186341734,3082.0
2021-05-19,2658.494873046875,3082.0,3118.0,3067.10009765625,3084.0,1986041,3088.800048828125,3075.930029296875,3097.760009765625,-0.22015179748215985,0.8776360100273055,43.742561122174685,3060.0
2021-05-20,2639.517822265625,3060.0,3088.800048828125,3052.10009765625,3067.10009765625,2329027,3082.0,3070.410009765625,3093.532507324219,-0.7138221933809197,0.7923610824304567,42.096988457546594,3080.5
2021-05-21,2657.200439453125,3080.5,3088.199951171875,3055.10009765625,3061.0,1685566,3060.0,3076.210009765625,3091.6175048828127,0.6699346405228734,0.6259719910640134,57.720789722312816,3081.5
2021-05-24,2658.06298828125,3081.5,3105.0,3072.0,3081.5,1652260,3080.5,3078.560009765625,3090.2175048828126,0.03246226261970353,0.5836785860138398,57.66976646328634,3114.0
2021-05-25,2699.23681640625,3114.0,3128.25,3082.10009765625,3092.0,1841613,3081.5,3083.6,3090.8775024414062,1.0546811617718754,0.7044017760513371,60.36791669358766,3158.5
2021-05-26,2737.81005859375,3158.5,3165.0,3103.800048828125,3120.0,1923753,3114.0,3098.9,3092.202502441406,1.4290301862556198,0.8502129587268893,60.18158544086599,3180.0
2021-05-27,2756.446044921875,3180.0,3217.75,3161.800048828125,3161.949951171875,5959785,3158.5,3122.9,3094.9974975585938,0.680702865284144,0.518954862206812,60.91039580838369,3143.60009765625
2021-05-28,2724.89404296875,3143.60009765625,3198.0,3135.64990234375,3189.5,1763701,3180.0,3135.52001953125,3096.415002441406,-1.144651017099052,1.0107905198032687,51.625674891728,3159.14990234375
2021-05-31,2738.372802734375,3159.14990234375,3170.35009765625,3128.60009765625,3150.0,1652799,3143.60009765625,3151.05,3102.5900024414063,0.4946495802406137,0.9884692525734089,52.05539984530275,3153.0
2021-06-01,2733.041748046875,3153.0,3169.949951171875,3132.0,3168.60009765625,1377441,3159.14990234375,3158.85,3108.390002441406,-0.19466953243300056,0.9718806041231443,54.82079308198113,3129.449951171875
2021-06-02,2712.628173828125,3129.449951171875,3159.449951171875,3115.0,3150.85009765625,2240078,3153.0,3153.039990234375,3112.375,-0.746909255570094,0.7823187807824781,56.88660090360599,3141.25
2021-06-03,2722.8564453125,3141.25,3154.550048828125,3122.64990234375,3154.550048828125,1281706,3129.449951171875,3145.289990234375,3114.6525024414063,0.37706462836084587,0.7067251814220721,66.05259572624792,3143.75
2021-06-04,2725.02392578125,3143.75,3156.85009765625,3125.0,3128.0,1836060,3141.25,3145.319970703125,3116.2675048828123,0.07958615200955865,0.49722747759549807,64.02578748829272,3183.199951171875
2021-06-07,2759.219970703125,3183.199951171875,3190.449951171875,3133.60009765625,3145.0,2559821,3143.75,3150.12998046875,3118.782507324219,1.2548692221669988,0.7416899996698081,66.60802245889894,3200.14990234375
2021-06-08,2773.91162109375,3200.14990234375,3231.0,3187.199951171875,3198.0,2574057,3183.199951171875,3159.5599609375,3121.515002441406,0.5324815101745317,0.7273859710892437,70.06965502597757,3200.25
2021-06-09,2773.998291015625,3200.25,3220.0,3186.199951171875,3202.0,1710925,3200.14990234375,3173.719970703125,3125.397497558594,0.003127905232713779,0.49920854173506485,75.73869532256705,3216.800048828125
2021-06-10,2788.34375,3216.800048828125,3224.0,3193.0,3210.0,1874324,3200.25,3188.82998046875,3131.8574951171877,0.5171486236426937,0.4980617897611652,75.38178263735765,3273.800048828125
2021-06-11,2837.75244140625,3273.800048828125,3309.0,3211.0,3211.550048828125,3452954,3216.800048828125,3214.839990234375,3142.9724975585937,1.771947249900263,0.6958622752068232,79.63023012434253,3276.35009765625
2021-06-14,2839.962646484375,3276.35009765625,3308.699951171875,3270.35009765625,3279.0,1847360,3273.800048828125,3233.47001953125,3153.3025024414064,0.07789262600315094,0.7091964515987168,77.55902313846276,3262.75
2021-06-15,2828.17431640625,3262.75,3298.0,3251.550048828125,3298.0,1304985,3276.35009765625,3245.9900390625,3162.0,-0.415099035538935,0.8398222173235284,69.77053643359169,3274.35009765625
2021-06-16,2838.228759765625,3274.35009765625,3294.699951171875,3253.0,3262.10009765625,1635552,3262.75,3260.81005859375,3171.6175048828127,0.3555313050723985,0.8135076234470926,68.59115224753694,3317.75
2021-06-17,2875.847900390625,3317.75,3336.050048828125,3260.0,3265.5,2273413,3274.35009765625,3281.000048828125,3184.5050048828125,1.3254508848890456,0.902752469356779,83.39403688279003,3297.300048828125
2021-06-18,2858.1220703125,3297.300048828125,3358.0,3275.0,3350.89990234375,3380431,3317.75,3285.700048828125,3195.345007324219,-0.6163801121806922,0.7641499490751454,76.0022718437501,3273.10009765625
2021-06-21,2837.1455078125,3273.10009765625,3286.0,3251.699951171875,3265.0,1130569,3297.300048828125,3285.050048828125,3204.925012207031,-0.7339323329242031,0.8620738392712323,71.16672805317563,3301.199951171875
2021-06-22,2861.502685546875,3301.199951171875,3327.050048828125,3285.0,3304.0,1708688,3273.10009765625,3292.7400390625,3214.285009765625,0.8585088349649439,0.9022211411171117,79.7918473547268,3261.39990234375
2021-06-23,2827.00341796875,3261.39990234375,3329.0,3256.39990234375,3329.0,1467104,3301.199951171875,3290.15,3219.4300048828127,-1.205623694923319,1.099806094534038,68.99603199110672,3373.60009765625
2021-06-24,2924.259521484375,3373.60009765625,3383.0,3278.5,3284.0,4155204,3261.39990234375,3301.32001953125,3229.110009765625,3.4402464791842613,1.8932088585441236,76.9808653905675,3380.800048828125
2021-06-25,2930.50048828125,3380.800048828125,3399.64990234375,3350.0,3375.25,2722861,3373.60009765625,3318.02001953125,3240.970007324219,0.21342041034670967,1.822525189891799,75.09525014324728,3336.75
2021-06-28,2892.31787109375,3336.75,3391.5,3333.0,3391.5,1355238,3380.800048828125,3330.75,3249.8500122070313,-1.3029474737316638,1.9343083969879298,66.23098889648283,3340.85009765625
2021-06-29,2895.871826171875,3340.85009765625,3366.300048828125,3326.5,3342.0,1497322,3336.75,3338.680029296875,3259.2425170898437,0.12287698078219389,1.9186969875499216,66.54896429963068,3345.75
2021-06-30,2900.118896484375,3345.75,3382.0,3338.5,3346.0,1693146,3340.85009765625,3355.550048828125,3270.05751953125,0.14666633343374258,1.7494263802246437,65.60570076873394,3341.5
2021-07-01,2896.434326171875,3341.5,3362.0,3332.35009765625,3358.0,990310,3345.75,3349.130029296875,3280.07001953125,-0.1270268250765927,0.6357279617430167,59.392331250732454,3325.449951171875
2021-07-02,2882.523193359375,3325.449951171875,3339.699951171875,3295.199951171875,3331.0,1682274,3341.5,3338.060009765625,3289.1550170898436,-0.4803246694037089,0.6005650806064985,56.56590455731165,3321.0
2021-07-05,2878.66552734375,3321.0,3374.0,3302.0,3342.0,1972858,3325.449951171875,3334.910009765625,3296.04501953125,-0.1338150096141688,0.2534157346375817,57.98492117888965,3262.300048828125
2021-07-06,2827.784423828125,3262.300048828125,3328.0,3256.10009765625,3313.0,2159420,3321.0,3319.2,3299.1525268554688,-1.7675384273374006,0.7573988211166384,48.53708229767916,3274.949951171875
2021-07-07,2838.749267578125,3274.949951171875,3282.699951171875,3241.60009765625,3275.0,2640710,3262.300048828125,3305.039990234375,3302.8875244140627,0.3877602352454934,0.8123458115883598,44.38466737348533,3258.5
2021-07-08,2824.490234375,3258.5,3298.0,3231.89990234375,3298.0,2485811,3274.949951171875,3288.439990234375,3304.972521972656,-0.5022962615348847,0.7951812485428583,44.85546752850737,3208.14990234375
2021-07-09,2780.845947265625,3208.14990234375,3282.0,3201.0,3250.0,6365067,3258.5,3264.97998046875,3301.6900146484377,-1.5451925013426404,0.9214278319286509,41.946658981711096,3193.10009765625
2021-07-12,2767.801025390625,3193.10009765625,3236.0,3188.35009765625,3235.0,1892226,3208.14990234375,3239.4,3297.5275146484373,-0.46911164208708334,0.8800829493762272,36.14814620158559,3187.550048828125
2021-07-13,2762.990478515625,3187.550048828125,3214.0,3175.0,3214.0,1809339,3193.10009765625,3224.45,3293.7675170898438,-0.17381380659500234,0.7035824944121132,39.626371169248216,3214.550048828125
2021-07-14,2786.393798828125,3214.550048828125,3222.0,3185.0,3187.0,2044279,3187.550048828125,3212.37001953125,3290.7775146484373,0.8470455235652263,0.855582092449104,20.627850000586122,3202.949951171875
2021-07-15,2782.3974609375,3202.949951171875,3231.85009765625,3194.0,3227.60009765625,2232968,3214.550048828125,3201.260009765625,3285.0375122070313,-0.3608622507053183,0.8523919568219394,17.68123554809435,3194.800048828125
2021-07-16,2775.317626953125,3194.800048828125,3219.85009765625,3192.0,3213.0,1256526,3202.949951171875,3198.5900390625,3279.9125122070313,-0.25444988114060596,0.5312517330680548,20.334358197776055,3184.60009765625
2021-07-19,2766.45751953125,3184.60009765625,3199.800048828125,3176.0,3180.0,1597058,3194.800048828125,3196.8900390625,3275.487512207031,-0.3192672785771511,0.507674781761636,18.157683153026227,3205.800048828125
2021-07-20,2784.8740234375,3205.800048828125,3215.0,3156.14990234375,3184.60009765625,1811945,3184.60009765625,3200.5400390625,3270.7175170898436,0.6657021453801093,0.5896371043891374,23.256232755475565,3216.35009765625
2021-07-22,2794.038818359375,3216.35009765625,3224.949951171875,3190.0,3190.0,2859334,3205.800048828125,3200.900048828125,3268.4650268554688,0.3290925406274736,0.46033519633636877,26.64675514477159,3212.85009765625
2021-07-23,2790.997802734375,3212.85009765625,3241.550048828125,3206.64990234375,3230.0,1776193,3216.35009765625,3202.880078125,3260.427526855469,-0.10881899960301089,0.4214493092353113,27.956146396626764,3197.550048828125
2021-07-26,2777.70703125,3197.550048828125,3224.25,3190.85009765625,3200.0,1259611,3212.85009765625,3203.430078125,3251.265026855469,-0.4762142136443326,0.471798832646304,26.81688932006429,3182.949951171875
2021-07-27,2765.023193359375,3182.949951171875,3210.0,3161.14990234375,3200.0,1121367,3197.550048828125,3203.100048828125,3243.5750244140627,-0.456602631180103,0.4995322668727067,32.14041581403323,3197.800048828125
2021-07-28,2777.92431640625,3197.800048828125,3204.449951171875,3132.39990234375,3188.0,1660654,3182.949951171875,3201.500048828125,3236.4225219726563,0.4665514030713025,0.43617004244665386,32.80591291251423,3195.800048828125
2021-07-29,2776.186767578125,3195.800048828125,3225.449951171875,3190.300048828125,3200.25,1731997,3197.800048828125,3197.3900390625,3228.9250244140626,-0.06254299735635183,0.3832021668970389,35.064338395651774,3167.449951171875
2021-07-30,2751.55908203125,3167.449951171875,3223.5,3162.35009765625,3219.0,2999943,3195.800048828125,3188.310009765625,3220.222521972656,-0.8871048633548151,0.5105978654656347,39.16979259107191,3219.39990234375
2021-08-02,2796.688232421875,3219.39990234375,3224.89990234375,3167.0,3180.0,2608669,3167.449951171875,3192.67998046875,3214.92001953125,1.6401190854698378,0.9758196323854431,55.84959306328751,3284.89990234375
2021-08-03,2853.587646484375,3284.89990234375,3290.0,3218.949951171875,3229.0,3804735,3219.39990234375,3213.069970703125,3213.1150146484374,2.034540659341988,1.2042287929051525,67.09390167678811,3273.949951171875
2021-08-04,2844.0751953125,3273.949951171875,3305.199951171875,3261.199951171875,3300.0,2929598,3284.89990234375,3228.299951171875,3213.697509765625,-0.33334200424378624,1.28328805253288,61.05319299724876,3283.949951171875
2021-08-05,2852.76220703125,3283.949951171875,3315.0,3262.5,3275.0,2534521,3273.949951171875,3245.929931640625,3214.147509765625,0.30544144379545113,1.2547484131006708,65.16285480813352,3309.800048828125
2021-08-06,2875.218505859375,3309.800048828125,3324.0,3265.0,3272.550048828125,2292362,3283.949951171875,3274.399951171875,3216.712512207031,0.7871647875457244,0.9645529691827296,70.18958597290111,3322.699951171875
2021-08-09,2886.42431640625,3322.699951171875,3337.0,3310.0,3323.89990234375,1510489,3309.800048828125,3295.0599609375,3222.4400146484377,0.3897486903572167,0.8786775334297828,74.01734543364009,3333.89990234375
2021-08-10,2896.153564453125,3333.89990234375,3349.89990234375,3315.60009765625,3315.60009765625,2040777,3322.699951171875,3304.8599609375,3229.4800048828124,0.3370738055335165,0.40245242342936266,73.08103438112825,3344.199951171875
2021-08-11,2905.1015625,3344.199951171875,3360.0,3327.10009765625,3350.0,1929707,3333.89990234375,3318.9099609375,3237.3125,0.30894895257305155,0.20487606989916793,73.0567612143883,3351.75
2021-08-12,2911.66015625,3351.75,3368.0,3326.0,3326.0,1310205,3344.199951171875,3332.469970703125,3244.172497558594,0.22576547270982683,0.21916601040412306,74.68890111664061,3463.39990234375
2021-08-13,3008.650146484375,3463.39990234375,3480.0,3357.5,3360.75,4363584,3351.75,3363.18994140625,3257.1949951171873,3.33109278268815,1.3499696203520883,85.19790154862608,3472.949951171875
2021-08-16,3016.9462890625,3472.949951171875,3494.35009765625,3436.5,3460.0,2083489,3463.39990234375,3393.23994140625,3271.102490234375,0.2757420193279625,1.3620424175110377,88.91571712194579,3553.050048828125
2021-08-17,3086.529541015625,3553.050048828125,3560.800048828125,3463.0,3482.10009765625,4336019,3472.949951171875,3437.069970703125,3289.5249877929687,2.306399423614547,1.4424720302617604,90.56753691521405,3560.550048828125
2021-08-18,3093.044677734375,3560.550048828125,3595.0,3536.60009765625,3573.85009765625,2631309,3553.050048828125,3480.339990234375,3307.262487792969,0.211086246940817,1.4596660781813446,91.13566253038334,3559.5
2021-08-20,3092.13232421875,3559.5,3575.0,3500.0,3506.0,2836148,3560.550048828125,3521.889990234375,3324.4199829101562,-0.02949119697026603,1.5089507483638085,97.11573162079898,3637.39990234375
2021-08-23,3159.80419921875,3637.39990234375,3673.0,3561.89990234375,3580.0,3744176,3559.5,3556.689990234375,3345.6474731445314,2.1885068785995276,1.1538585888615425,97.28506787330316,3613.199951171875
2021-08-24,3138.78173828125,3613.199951171875,3667.35009765625,3594.39990234375,3657.0,2511141,3637.39990234375,3584.739990234375,3366.429968261719,-0.6653090620110769,1.3582314993694675,90.96582091762035,3659.0
2021-08-25,3178.568359375,3659.0,3697.75,3607.050048828125,3610.0,2123263,3613.199951171875,3605.92998046875,3390.232470703125,1.267575817753186,1.131081227705869,94.20273282761953,3671.85009765625
2021-08-26,3189.73095703125,3671.85009765625,3687.60009765625,3647.89990234375,3660.0,1902533,3659.0,3628.189990234375,3413.9349731445313,0.35119151834517304,1.1208984507614512,94.24042163250054,3720.14990234375
2021-08-27,3231.6884765625,3720.14990234375,3729.5,3651.10009765625,3666.0,3944728,3671.85009765625,3660.319970703125,3440.1524658203125,1.3154078571543604,1.0861566925256483,94.52099207423446,3701.300048828125
2021-08-30,3215.313720703125,3701.300048828125,3740.35009765625,3687.60009765625,3715.0,2033114,3720.14990234375,3673.1,3466.844970703125,-0.5066960743638105,0.9405729855880426,90.55272665652726,3786.449951171875
2021-08-31,3289.283203125,3786.449951171875,3804.10009765625,3703.449951171875,3709.39990234375,3207480,3701.300048828125,3707.75,3495.197473144531,2.300540383660854,1.065220053827561,91.8446836012824,3714.949951171875
2021-09-01,3227.171142578125,3714.949951171875,3816.699951171875,3707.0,3796.0,2643336,3786.449951171875,3718.939990234375,3516.6999755859374,-1.8883122957394805,1.6181983953768062,80.79576214336065,3836.75
2021-09-02,3332.978759765625,3836.75,3859.14990234375,3722.0,3734.0,3403717,3714.949951171875,3751.919970703125,3544.839978027344,3.2786457537524294,2.094368159240156,83.85927104120123,3842.050048828125
2021-09-03,3337.583251953125,3842.050048828125,3856.89990234375,3804.550048828125,3825.0,1746812,3836.75,3776.3,3572.744982910156,0.1381390194337584,2.102141342528142,81.04453861073803,3852.0
2021-09-06,3346.22705078125,3852.0,3877.60009765625,3814.0,3849.699951171875,1723693,3842.050048828125,3806.439990234375,3599.85498046875,0.25897505356313744,2.0218524173795136,81.0569603009782,3815.89990234375
2021-09-07,3314.8671875,3815.89990234375,3869.949951171875,3808.25,3864.0,1585039,3852.0,3812.32998046875,3624.5149780273437,-0.9371780284592401,1.9451929713739884,73.20971009662583,3774.14990234375
2021-09-08,3278.59814453125,3774.14990234375,3815.0,3756.0,3810.0,4147175,3815.89990234375,3824.169970703125,3646.527478027344,-1.094106267681627,1.7585633108812087,67.78517405139843,3791.39990234375
2021-09-09,3293.58349609375,3791.39990234375,3808.699951171875,3765.0,3789.699951171875,1441148,3774.14990234375,3815.099951171875,3668.8874755859374,0.4570565676071281,0.7234125799721106,68.80168740959033,3845.35009765625
2021-09-13,3340.449951171875,3845.35009765625,3852.39990234375,3767.0,3767.0,1691473,3791.39990234375,3815.7599609375,3693.56748046875,1.422962407082129,1.0456865807997182,67.54113836461408,3885.89990234375
2021-09-14,3375.67529296875,3885.89990234375,3896.5,3825.0,3849.949951171875,1991188,3845.35009765625,3822.53994140625,3714.69248046875,1.0545152887955656,1.146508209038527,72.38548815911672,3954.550048828125
2021-09-15,3435.311767578125,3954.550048828125,3980.0,3866.0,3882.10009765625,2461369,3885.89990234375,3850.269970703125,3738.7724853515624,1.7666473200446786,1.1249042207924613,73.3839759208829,3903.300048828125
2021-09-16,3390.791259765625,3903.300048828125,3981.75,3892.10009765625,3930.0,2946666,3954.550048828125,3876.1,3756.2849853515627,-1.2959755058653766,1.2069833046916234,67.26337001179641,3827.85009765625
2021-09-17,3325.248046875,3827.85009765625,3945.0,3805.0,3920.0,6477148,3903.300048828125,3883.3900390625,3769.6499877929687,-1.9329785112094378,1.693200465458373,57.72044410842294,3823.5
2021-09-20,3321.468994140625,3823.5,3871.0,3807.85009765625,3809.0,2002008,3827.85009765625,3879.02001953125,3782.849987792969,-0.11364336495082172,1.5498015723137781,58.945820460549854,3862.949951171875
2021-09-21,3355.738525390625,3862.949951171875,3871.550048828125,3821.64990234375,3858.0,1568129,3823.5,3874.430029296875,3794.127490234375,1.031775890463571,1.5455785637400796,56.00188018458601,3862.14990234375
2021-09-22,3355.04443359375,3862.14990234375,3896.85009765625,3852.449951171875,3862.5,1744067,3862.949951171875,3855.95,3806.574987792969,-0.020710825618708295,1.1626107568986506,62.9897513567549,3869.25
2021-09-23,3361.212158203125,3869.25,3879.0,3835.0,3870.0,2003869,3862.14990234375,3849.139990234375,3817.0874877929687,0.18383796164775923,1.084322664385633,53.59592519438309,3871.300048828125
2021-09-24,3362.9931640625,3871.300048828125,3944.39990234375,3855.0,3890.0,2320754,3869.25,3857.82998046875,3827.0599853515623,0.05298310597983136,0.4629275092722544,53.2597764998324,3836.949951171875
2021-09-27,3333.153076171875,3836.949951171875,3904.0,3802.89990234375,3900.0,1673362,3871.300048828125,3860.519970703125,3832.8999877929687,-0.8873013515614203,0.6824392727084816,48.409255708693415,3779.14990234375
2021-09-28,3282.94140625,3779.14990234375,3850.0,3751.25,3850.0,2253075,3836.949951171875,3843.7599609375,3836.79248046875,-1.5064061184971056,0.7323267182013403,46.2860066972679,3791.89990234375
2021-09-29,3294.017822265625,3791.89990234375,3806.0,3722.14990234375,3759.800048828125,2489161,3779.14990234375,3829.7099609375,3837.064978027344,0.33737746131987656,0.7976320708886238,51.90552671941392,3775.550048828125
2021-09-30,3279.814453125,3775.550048828125,3805.0,3750.10009765625,3805.0,2252412,3791.89990234375,3810.969970703125,3840.0949829101564,-0.4311784049341405,0.7371780594564931,48.29516598241516,3730.199951171875
2021-10-01,3240.41943359375,3730.199951171875,3810.0,3725.0,3781.75,1578374,3775.550048828125,3782.749951171875,3834.76748046875,-1.2011520724066638,0.7207330496359998,37.38081261728777,3773.300048828125
2021-10-04,3277.859619140625,3773.300048828125,3783.64990234375,3707.449951171875,3724.800048828125,1356860,3730.199951171875,3770.019970703125,3831.32998046875,1.155436658099518,1.096013888413913,37.728888219590075,3833.300048828125
2021-10-05,3329.98193359375,3833.300048828125,3840.0,3741.60009765625,3754.0,1877966,3773.300048828125,3780.85,3830.394982910156,1.5901200334872412,1.1385484241348278,36.53227870893842,3810.89990234375
2021-10-06,3310.52294921875,3810.89990234375,3857.449951171875,3795.0,3836.0,1678154,3833.300048828125,3784.65,3830.144982910156,-0.5843567213378753,1.2018453414825216,39.03393915441571,3892.89990234375
2021-10-07,3381.75634765625,3892.89990234375,3899.0,3820.050048828125,3830.0,1647233,3810.89990234375,3808.119970703125,3836.082482910156,2.151722745317164,1.4440431205634663,57.60193006922776,3935.64990234375
2021-10-08,3418.8935546875,3935.64990234375,3989.89990234375,3900.0,3925.0,2934339,3892.89990234375,3849.2099609375,3843.2949829101562,1.098153075404329,1.0228503160483002,62.02678658387799,3685.60009765625
2021-10-11,3201.67529296875,3685.60009765625,3757.5,3660.0,3755.0,11845402,3935.64990234375,3831.669970703125,3835.307482910156,-6.353456503806165,3.4710246127693574,36.89888720120878,3652.85009765625
2021-10-12,3173.22607421875,3652.85009765625,3707.0,3630.60009765625,3706.0,5752877,3685.60009765625,3795.57998046875,3823.654992675781,-0.8885934212131796,3.284220023913187,35.235629361066884,3655.199951171875
2021-10-13,3175.2666015625,3655.199951171875,3675.449951171875,3645.0,3650.0,3545655,3652.85009765625,3764.439990234375,3808.6874877929686,0.06432931691153776,3.313246296684346,34.79866245415319,3611.449951171875
2021-10-14,3143.28076171875,3611.449951171875,3670.0,3608.199951171875,3625.0,6442299,3655.199951171875,3708.15,3794.0949829101564,-1.1969249448576247,2.8813732412009827,32.577935121940996,3647.14990234375
2021-10-18,3174.353271484375,3647.14990234375,3652.699951171875,3601.449951171875,3603.449951171875,3590107,3611.449951171875,3650.45,3785.0599731445313,0.9885212768985241,2.85740193835226,37.29754477028849,3634.14990234375
2021-10-19,3163.037841796875,3634.14990234375,3690.10009765625,3625.199951171875,3669.0,3135441,3647.14990234375,3640.1599609375,3775.5924682617188,-0.35644271137980077,0.8580014549936531,39.67677343549026,3608.85009765625
2021-10-20,3141.018310546875,3608.85009765625,3630.0,3578.300048828125,3612.0,2933693,3634.14990234375,3631.3599609375,3762.8874755859374,-0.6961684401401103,0.8275313535826988,37.19662133916936,3532.5
2021-10-21,3074.565673828125,3532.5,3607.449951171875,3511.25,3604.10009765625,4871211,3608.85009765625,3606.819970703125,3746.40498046875,-2.1156350524460743,1.1420446954553212,34.31631317181221,3498.85009765625
2021-10-22,3045.277587890625,3498.85009765625,3561.60009765625,3485.0,3560.0,2691670,3532.5,3584.3,3727.8849853515626,-0.9525803918966735,1.119143642963927,34.84243221307665,3492.949951171875
2021-10-25,3040.142578125,3492.949951171875,3514.550048828125,3450.0,3503.0,2595594,3498.85009765625,3553.460009765625,3708.96748046875,-0.16863101646815704,0.7654361632144643,30.690804408287903,3482.60009765625
2021-10-26,3031.13427734375,3482.60009765625,3529.0,3475.0,3494.5,3878763,3492.949951171875,3523.150048828125,3691.2499877929686,-0.2963069514395067,0.7756889096436258,24.072144088908686,3489.75
2021-10-27,3037.357666015625,3489.75,3511.25,3483.0,3483.0,2510813,3482.60009765625,3499.330029296875,3676.779992675781,0.20530357041457226,0.9119742251586059,25.709081427565806,3421.64990234375
2021-10-28,2978.085693359375,3421.64990234375,3518.0,3415.0,3518.0,2424942,3489.75,3477.160009765625,3658.2674926757813,-1.951431983845553,0.847370608802955,13.590324756557067,3397.75
2021-10-29,2957.2841796875,3397.75,3461.0,3385.949951171875,3400.050048828125,3960501,3421.64990234375,3456.939990234375,3639.377490234375,-0.6984905827851939,0.8308512685087031,7.193976795929615,3476.39990234375
2021-11-01,3025.73779296875,3476.39990234375,3487.0,3412.949951171875,3437.949951171875,2020718,3397.75,3453.62998046875,3626.6874877929686,2.314764251158863,1.5610680660562295,27.10653714212434,3484.199951171875
2021-11-02,3032.52685546875,3484.199951171875,3513.60009765625,3469.75,3494.0,3087414,3476.39990234375,3453.949951171875,3612.2324829101562,0.22437144883320492,1.560834299491458,30.478023359982814,3492.25
2021-11-03,3039.533203125,3492.25,3519.89990234375,3466.050048828125,3504.199951171875,1537639,3484.199951171875,3454.449951171875,3595.17998046875,0.23104439874115368,1.5616450546373932,31.383516687650925,3508.64990234375
2021-11-04,3053.806884765625,3508.64990234375,3513.25,3505.0,3512.949951171875,328991,3492.25,3471.849951171875,3580.06748046875,0.46960848575416936,1.1043821482083316,37.472561670416354,3502.75
2021-11-08,3048.67236328125,3502.75,3548.0,3481.199951171875,3548.0,2526082,3508.64990234375,3492.849951171875,3560.5599853515623,-0.1681530647959173,0.9777111318803104,31.024955631154057,3505.699951171875
2021-11-09,3051.23974609375,3505.699951171875,3535.0,3496.0,3508.0,1782692,3502.75,3498.7099609375,3539.0624877929686,0.08421814779457915,0.23352626163889514,32.66295891353474,3484.300048828125
2021-11-10,3032.613525390625,3484.300048828125,3519.699951171875,3480.199951171875,3498.0,1516489,3505.699951171875,3498.72998046875,3528.9974853515623,-0.6104316582084102,0.41288639463729765,33.01047631290267,3488.199951171875
2021-11-11,3036.00830078125,3488.199951171875,3510.050048828125,3436.0,3480.0,1284514,3484.300048828125,3497.919970703125,3520.7649780273437,0.11192785607145872,0.39953372870923587,42.46852355617612,3526.050048828125
2021-11-12,3068.95166015625,3526.050048828125,3534.14990234375,3485.699951171875,3506.0,1747259,3488.199951171875,3501.4,3514.307482910156,1.0850896790917552,0.6219748423547813,54.559167154321166,3553.300048828125
2021-11-15,3092.66943359375,3553.300048828125,3569.60009765625,3528.0,3528.0,1809157,3526.050048828125,3511.510009765625,3511.3999877929687,0.772819433151728,0.6614580676455752,59.44004509334873,3556.39990234375
2021-11-16,3095.367431640625,3556.39990234375,3575.550048828125,3542.0,3569.0,2013204,3553.300048828125,3521.65,3506.8624877929688,0.08723872099254404,0.6612259345590004,61.811770663682374,3521.89990234375
2021-11-17,3065.339599609375,3521.89990234375,3562.85009765625,3506.39990234375,3550.60009765625,1632914,3556.39990234375,3529.169970703125,3501.2499877929686,-0.9700821321377173,0.7904992523337204,54.73141258998544,3475.699951171875
2021-11-18,3025.128662109375,3475.699951171875,3520.85009765625,3451.60009765625,3515.14990234375,2136598,3521.89990234375,3526.669970703125,3494.59248046875,-1.3117905804514773,1.0513630704409147,58.502462917972125,3458.39990234375
2021-11-22,3010.0712890625,3458.39990234375,3515.949951171875,3440.300048828125,3478.39990234375,3167936,3475.699951171875,3513.13994140625,3490.8874755859374,-0.4977428739869283,0.8332949900958425,59.74297148433027,3464.25
2021-11-23,3015.163330078125,3464.25,3480.949951171875,3407.800048828125,3445.0,2153461,3458.39990234375,3495.329931640625,3489.157470703125,0.1691561942355202,0.6466254209130373,47.45231342595911,3443.300048828125
2021-11-24,2996.928955078125,3443.300048828125,3493.050048828125,3424.0,3472.199951171875,2161746,3464.25,3472.7099609375,3486.6749755859373,-0.6047470930756971,0.5559730556686099,41.87202586574962,3445.89990234375
2021-11-25,2999.191650390625,3445.89990234375,3463.0,3434.050048828125,3443.89990234375,1849619,3443.300048828125,3457.5099609375,3484.8399658203125,0.07550470417208022,0.5973119863588919,40.58496689240926,3446.85009765625
2021-11-26,3000.01904296875,3446.85009765625,3490.0,3411.89990234375,3425.0,1941251,3445.89990234375,3451.739990234375,3482.694970703125,0.027574663786777975,0.3573085782313825,36.60600711575053,3502.0
2021-11-29,3048.01904296875,3502.0,3529.35009765625,3406.449951171875,3447.14990234375,2981745,3446.85009765625,3460.460009765625,3486.7124755859377,1.6000087262643126,0.8123287947512358,49.866047368301714,3529.14990234375
2021-11-30,3071.649658203125,3529.14990234375,3563.75,3491.0,3491.0,5588446,3502.0,3473.439990234375,3493.282470703125,0.7752684849728686,0.8413036038845588,53.85500205892292,3577.800048828125
2021-12-01,3113.99365234375,3577.800048828125,3590.0,3535.0,3535.0,2102118,3529.14990234375,3500.339990234375,3498.3524780273438,1.3785230956629535,0.7233173975436366,64.1068237103787,3642.89990234375
2021-12-02,3170.65380859375,3642.89990234375,3648.0,3574.10009765625,3589.199951171875,3152938,3577.800048828125,3539.739990234375,3506.2874755859375,1.8195497967234964,0.7243695962682676,69.70198788748633,3640.449951171875
2021-12-03,3168.521240234375,3640.449951171875,3665.949951171875,3630.85009765625,3646.449951171875,2486263,3642.89990234375,3578.4599609375,3513.697473144531,-0.06725277217468628,0.760469905162931,66.01343731417752,3536.39990234375
2021-12-06,3077.959716796875,3536.39990234375,3658.0,3522.0,3640.449951171875,1849642,3640.449951171875,3585.33994140625,3515.0849731445314,-2.8581645187741422,1.8551365842838592,48.0529774203547,3584.5
2021-12-07,3119.82421875,3584.5,3598.0,3524.300048828125,3562.5,1484458,3536.39990234375,3596.4099609375,3519.172473144531,1.3601430546463789,1.9171265984943522,52.933204348251564,3626.89990234375
2021-12-08,3156.727783203125,3626.89990234375,3646.449951171875,3601.0,3601.0,1428660,3584.5,3606.229931640625,3525.232470703125,1.1828679688589805,1.892120389312355,60.78250370297572,3601.75
2021-12-09,3134.83837890625,3601.75,3634.75,3566.0,3610.0,1567957,3626.89990234375,3597.999951171875,3531.1049682617186,-0.6934269767825074,1.7082264670450826,63.52904244542144,3636.800048828125
2021-12-10,3165.344482421875,3636.800048828125,3642.0,3575.10009765625,3585.0,1510718,3601.75,3597.269970703125,3538.5349731445312,0.9731394135663152,1.7920560994201158,68.44501659662009,3609.64990234375
2021-12-13,3141.714111328125,3609.64990234375,3662.0,3601.699951171875,3650.0,1883864,3636.800048828125,3611.919970703125,3542.7149658203125,-0.746539433563953,1.0454927252881108,64.39888398361758,3623.800048828125
2021-12-14,3154.0302734375,3623.800048828125,3635.0,3576.699951171875,3605.0,1747007,3609.64990234375,3619.77998046875,3546.2399658203126,0.39200883374277407,0.9072561792680937,68.11884808388123,3570.35009765625
2021-12-15,3107.5087890625,3570.35009765625,3623.0,3558.14990234375,3620.0,1603233,3623.800048828125,3608.47001953125,3546.9374755859376,-1.4749696575880322,0.9790301802010294,61.335290193462306,3581.60009765625
2021-12-16,3117.301025390625,3581.60009765625,3608.449951171875,3570.0,3582.0,2072320,3570.35009765625,3604.4400390625,3549.9224853515625,0.3150951501194488,0.9841518053669733,62.04738489047832,3584.35009765625
2021-12-17,3119.693603515625,3584.35009765625,3651.35009765625,3573.699951171875,3602.5,4333992,3581.60009765625,3593.950048828125,3555.3549926757814,0.07678132468780241,0.8028629147919254,58.12371330666099,3556.89990234375
2021-12-20,3095.802734375,3556.89990234375,3606.0,3510.14990234375,3589.0,2312310,3584.35009765625,3583.400048828125,3560.279992675781,-0.7658346580165065,0.8056622845186483,52.735874852211154,3608.300048828125
2021-12-21,3140.53955078125,3608.300048828125,3641.199951171875,3566.39990234375,3582.64990234375,2340989,3556.89990234375,3580.300048828125,3567.4824951171877,1.4450827376532471,1.1093764560408383,52.99078021519215,3630.75
2021-12-22,3160.07861328125,3630.75,3636.800048828125,3606.25,3624.0,1224328,3608.300048828125,3592.380029296875,3576.8549926757814,0.6221752866468533,0.8052323243137168,48.69985129513266,3662.699951171875
2021-12-23,3187.887451171875,3662.699951171875,3670.5,3630.0,3648.0,1792861,3630.75,3608.6,3587.6949951171873,0.8799821296392007,0.8399778726767159,52.23955491991409,3670.89990234375
2021-12-24,3195.0244140625,3670.89990234375,3705.0,3644.800048828125,3685.0,2209923,3662.699951171875,3625.9099609375,3598.8974853515624,0.2238772293988056,0.8260268600321443,66.77474045239963,3696.10009765625
2021-12-27,3216.956787109375,3696.10009765625,3700.0,3653.10009765625,3671.0,1534135,3670.89990234375,3653.75,3608.602490234375,0.6864854935546116,0.4457852930514358,64.76189861072538,3706.550048828125
2021-12-28,3226.05224609375,3706.550048828125,3725.0,3693.85009765625,3710.0,1456218,3696.10009765625,3673.4,3617.4724975585937,0.28272911706317405,0.27835050988723764,61.508455838518216,3694.699951171875
2021-12-29,3215.73876953125,3694.699951171875,3719.949951171875,3685.0,3692.25,1456923,3706.550048828125,3686.189990234375,3623.317492675781,-0.3197069377222195,0.46449999599495423,63.96690406890363,3733.75
2021-12-30,3249.7265625,3733.75,3740.0,3680.0,3681.35009765625,1966475,3694.699951171875,3700.4,3627.859997558594,1.0569207065309616,0.5185067640756037,64.39491318617503,3738.35009765625
2021-12-31,3253.730224609375,3738.35009765625,3760.0,3731.300048828125,3742.800048828125,1207141,3733.75,3713.8900390625,3632.7550048828125,0.12320315115501579,0.5282425345740182,70.48057213632683,3817.75
2022-01-03,3322.837158203125,3817.75,3830.0,3745.0,3750.0,2346158,3738.35009765625,3738.22001953125,3646.822509765625,2.1239290133240774,0.9605632791136176,75.5566908093981,3884.75
2022-01-04,3381.1513671875,3884.75,3889.14990234375,3811.699951171875,3831.10009765625,2488606,3817.75,3773.860009765625,3661.835009765625,1.7549603824241977,1.0408204034636335,89.99993787778075,3860.949951171875
2022-01-05,3360.437255859375,3860.949951171875,3870.0,3812.39990234375,3865.0,1733031,3884.75,3807.110009765625,3673.5375122070313,-0.6126532937286822,1.1340790838747419,84.44081907852161,3807.449951171875
2022-01-06,3313.872802734375,3807.449951171875,3835.0,3772.0,3812.0,1810293,3860.949951171875,3821.85,3683.822509765625,-1.3856693476112403,1.5081896636622374,74.44659115776453,3853.5
2022-01-07,3353.952392578125,3853.5,3864.89990234375,3796.39990234375,3820.0,2460591,3807.449951171875,3844.87998046875,3694.657507324219,1.2094722036714245,1.536191626694719,81.22761146457522,3879.85009765625
2022-01-10,3376.887451171875,3879.85009765625,3978.0,3861.0,3978.0,3937092,3853.5,3857.3,3708.167517089844,0.6837964877708602,1.3001222965578558,80.1822654778309,3915.89990234375
2022-01-11,3408.26416015625,3915.89990234375,3925.0,3856.0,3856.0,1906106,3879.85009765625,3863.52998046875,3722.772509765625,0.929154575051161,1.112803228746027,80.76381294342494,3859.89990234375
2022-01-12,3359.523193359375,3859.89990234375,3929.0,3836.550048828125,3925.0,3203744,3915.89990234375,3863.319970703125,3737.25,-1.4300671977463653,1.2998934245748421,70.22562588860883,3897.89990234375
2022-01-13,3392.59716796875,3897.89990234375,3923.0,3857.0,3918.0,6684507,3859.89990234375,3881.4099609375,3753.064990234375,0.9844814881579289,1.0814519763601396,71.94083427802282,3968.14990234375
2022-01-14,3453.740478515625,3968.14990234375,3977.0,3860.050048828125,3877.85009765625,3348123,3897.89990234375,3904.33994140625,3772.25498046875,1.8022525400859912,1.207227193137613,74.18865096861751,4019.14990234375
2022-01-17,3498.128173828125,4019.14990234375,4043.0,3962.300048828125,3992.699951171875,3442604,3968.14990234375,3932.19990234375,3795.36748046875,1.2852337047518647,1.2477056132006958,75.92467884926334,3990.60009765625
2022-01-18,3473.27978515625,3990.60009765625,4041.699951171875,3980.0,4033.949951171875,2389041,4019.14990234375,3947.13994140625,3814.4824829101562,-0.710344360902071,1.3849768179292634,73.87832605232475,3914.64990234375
2022-01-19,3413.16259765625,3914.64990234375,4012.0,3910.5,4012.0,3102539,3990.60009765625,3958.08994140625,3828.6774780273436,-1.9032274207858357,1.5468212300343944,63.777601092440975,3826.550048828125
2022-01-20,3336.348876953125,3826.550048828125,3920.0,3811.0,3910.0,6176776,3914.64990234375,3943.819970703125,3836.869982910156,-2.250516794947066,1.8344185928818486,55.95945812640483,3833.5
2022-01-21,3342.4091796875,3833.5,3851.550048828125,3771.10009765625,3807.0,3112358,3826.550048828125,3916.889990234375,3844.9999877929686,0.18162446807676869,1.4635801831946553,51.179687259992015,3771.35009765625
2022-01-24,3288.220458984375,3771.35009765625,3849.64990234375,3740.10009765625,3840.0,3258414,3833.5,3867.330029296875,3848.762487792969,-1.6212313119538302,0.9881488746618723,41.44409593511391,3769.89990234375
2022-01-25,3286.9560546875,3769.89990234375,3809.39990234375,3722.199951171875,3769.5,3330501,3771.35009765625,3823.189990234375,3851.92998046875,-0.038452948544909216,1.1187620642736713,42.89060126052615,3649.25
2022-01-27,3181.76123046875,3649.25,3733.39990234375,3625.10009765625,3731.0,5718297,3769.89990234375,3770.110009765625,3849.6574829101564,-3.2003476343958615,1.446366974063414,38.81978757860382,3690.050048828125
2022-01-28,3217.334716796875,3690.050048828125,3729.800048828125,3646.0,3646.0,3143862,3649.25,3742.810009765625,3847.4724853515627,1.1180392910358217,1.704395026713304,38.36240598105628,3736.25
2022-01-31,3257.61669921875,3736.25,3758.0,3721.39990234375,3749.0,2739393,3690.050048828125,3723.360009765625,3847.36748046875,1.252014215540176,1.9006346015509084,40.0567666986733,3800.64990234375
2022-02-01,3313.766845703125,3800.64990234375,3808.0,3736.39990234375,3770.0,2105169,3736.25,3729.219970703125,3846.5124755859374,1.723650782034114,1.9928657137187455,42.32127090462034,3856.199951171875
2022-02-02,3362.20068359375,3856.199951171875,3864.0,3800.64990234375,3827.89990234375,1984212,3800.64990234375,3746.47998046875,3845.0849731445314,1.461593418374818,2.06505725122596,49.753336508247564,3824.60009765625
2022-02-03,3334.648681640625,3824.60009765625,3882.5,3816.050048828125,3851.0,1960538,3856.199951171875,3781.55,3843.26748046875,-0.8194557833035132,1.013736507533862,45.071285422735166,3814.89990234375
2022-02-04,3326.191162109375,3814.89990234375,3824.699951171875,3769.0,3815.300048828125,2307366,3824.60009765625,3806.519970703125,3843.6399780273437,-0.2536263939972305,1.1343571649333393,38.781930764908644,3779.0
2022-02-07,3294.89013671875,3779.0,3831.800048828125,3756.14990234375,3791.0,1919149,3814.89990234375,3815.069970703125,3839.9149780273438,-0.9410444117208483,1.2702679599651114,32.023354466976755,3743.449951171875
2022-02-08,3263.894775390625,3743.449951171875,3799.699951171875,3721.0,3791.550048828125,2946443,3779.0,3803.62998046875,3833.094970703125,-0.9407263516307274,1.0242869840121938,31.691224211864665,3760.550048828125
2022-02-09,3278.8037109375,3760.550048828125,3777.949951171875,3746.10009765625,3750.0,1638721,3743.449951171875,3784.5,3825.3274780273437,0.45680048830081255,0.6055943892526313,37.493922240340474,3770.35009765625
2022-02-10,3287.348876953125,3770.35009765625,3789.800048828125,3758.0,3789.800048828125,2112459,3760.550048828125,3773.65,3820.849987792969,0.2606014732121187,0.6536999961918641,44.77501431114263,3694.949951171875
2022-02-11,3221.60693359375,3694.949951171875,3752.5,3690.0,3752.5,3851488,3770.35009765625,3749.660009765625,3810.702490234375,-1.9998181742126753,1.0054808990558224,38.57319645087127,3733.75
2022-02-14,3255.43701171875,3733.75,3793.25,3710.0,3724.0,5951745,3694.949951171875,3740.610009765625,3798.9824951171877,1.0500832038555563,1.2235480880308633,46.774740739499734,3817.800048828125
2022-02-15,3328.719482421875,3817.800048828125,3835.0,3748.0,3786.0,3931683,3733.75,3755.480029296875,3788.915002441406,2.251089355959146,1.551680953803987,53.59880758167335,3813.10009765625
2022-02-16,3324.621826171875,3813.10009765625,3854.10009765625,3806.0,3844.0,3256906,3817.800048828125,3765.9900390625,3780.040002441406,-0.12310626831589788,1.568308117508084,64.90765265278162,3784.199951171875
2022-02-17,3299.42431640625,3784.199951171875,3835.0,3779.0,3825.0,3134372,3813.10009765625,3768.760009765625,3773.5175048828123,-0.7579173308914333,1.637346099119657,58.755680641680925,3793.89990234375
2022-02-18,3307.88134765625,3793.89990234375,3815.949951171875,3757.60009765625,3769.0,3688883,3784.199951171875,3788.55,3771.8849975585936,0.2563276596647901,1.1611061866419534,55.75175670040415,3719.39990234375
2022-02-21,3242.925048828125,3719.39990234375,3827.800048828125,3705.550048828125,3810.0,7465922,3793.89990234375,3785.67998046875,3766.1799926757812,-1.9636785871439688,1.5456375972163754,42.05379732025776,3586.39990234375
2022-02-22,3126.963134765625,3586.39990234375,3667.89990234375,3570.0,3650.0,5408531,3719.39990234375,3739.399951171875,3756.932482910156,-3.57584566037632,1.5571192456259393,27.085115727214628,3563.800048828125
2022-02-23,3107.258544921875,3563.800048828125,3622.89990234375,3555.64990234375,3611.0,2426203,3586.39990234375,3689.53994140625,3746.627490234375,-0.6301543088057637,1.4814502042028233,27.50561918892477,3401.64990234375
2022-02-24,2965.881103515625,3401.64990234375,3483.85009765625,3391.10009765625,3474.0,5039136,3563.800048828125,3613.029931640625,3734.2474853515623,-4.549922674188589,1.9944473971417505,21.778339171052735,3520.75
2022-02-25,3069.7236328125,3520.75,3530.0,3462.0,3468.0,2549723,3401.64990234375,3558.399951171875,3725.7824829101564,3.501245015666954,3.1456072523953313,34.16325415998439,3554.199951171875
2022-02-28,3098.888671875,3554.199951171875,3563.75,3455.89990234375,3490.0,3288942,3520.75,3525.3599609375,3716.67998046875,0.950080271870335,3.2916948705945694,38.364593521488864,3546.14990234375
2022-03-02,3091.869140625,3546.14990234375,3571.949951171875,3506.0,3552.5,2761341,3554.199951171875,3517.3099609375,3703.95498046875,-0.22649397723025766,2.9210041355420824,36.66998076809234,3544.39990234375
2022-03-03,3090.34375,3544.39990234375,3578.60009765625,3530.10009765625,3562.85009765625,1928039,3546.14990234375,3513.429931640625,3688.3649780273436,-0.049349295664102844,2.9107069260329714,35.80982952635853,3524.35009765625
2022-03-04,3072.862060546875,3524.35009765625,3561.199951171875,3487.050048828125,3501.5,2370257,3544.39990234375,3537.969970703125,3673.3524780273438,-0.5656755795033774,1.652948306726914,38.48543181216729,3484.89990234375
2022-03-07,3038.465087890625,3484.89990234375,3548.0,3431.550048828125,3450.0,3054130,3524.35009765625,3530.799951171875,3656.8524780273438,-1.1193608529054822,0.7623978421794341,33.21869093639076,3599.949951171875
2022-03-08,3138.77734375,3599.949951171875,3609.0,3460.0,3460.0,3300992,3484.89990234375,3539.949951171875,3647.8999755859377,3.3013874731595116,1.744022612221943,35.89876091829342,3632.60009765625
2022-03-09,3167.244873046875,3632.60009765625,3654.0,3597.050048828125,3605.0,2719654,3599.949951171875,3557.239990234375,3642.3574829101562,0.9069611224385543,1.7373134579586684,38.724393309012825,3620.949951171875
2022-03-10,3157.087158203125,3620.949951171875,3684.0,3615.0,3684.0,2005441,3632.60009765625,3572.55,3635.377478027344,-0.3207109555464549,1.7626159824844823,39.57735308861195,3599.14990234375
2022-03-11,3138.079345703125,3599.14990234375,3639.85009765625,3592.85009765625,3603.25,1623423,3620.949951171875,3587.5099609375,3626.8174682617187,-0.6020533043012533,1.7678748051876203,37.755430341142755,3643.0
2022-03-14,3176.3125,3643.0,3648.35009765625,3580.0,3580.0,1765688,3599.14990234375,3619.12998046875,3624.219970703125,1.2183459662987284,1.55035082192953,45.00393383493986,3593.89990234375
2022-03-15,3133.50244140625,3593.89990234375,3659.0,3585.39990234375,3659.0,3651133,3643.0,3617.919970703125,3617.2274658203123,-1.3477929633886943,1.070583418198298,50.55090292846511,3655.89990234375
2022-03-16,3187.559814453125,3655.89990234375,3668.0,3616.25,3640.5,3090475,3593.89990234375,3622.579931640625,3609.132458496094,1.7251454321130844,1.2895537159324582,56.394927603793555,3672.75
2022-03-17,3202.25146484375,3672.75,3710.0,3660.300048828125,3696.60009765625,3600452,3655.89990234375,3632.93994140625,3602.114953613281,0.4609015045911935,1.2677535962275401,73.58209196120939,3626.699951171875
2022-03-21,3162.100830078125,3626.699951171875,3713.949951171875,3615.0,3696.0,2413831,3672.75,3638.449951171875,3594.239953613281,-1.2538302042917393,1.408249982800975,60.558026558373975,3700.949951171875
2022-03-22,3226.838623046875,3700.949951171875,3711.0,3625.0,3640.0,2907611,3626.699951171875,3650.03994140625,3589.5924560546873,2.0473157691473176,1.5997015414400308,63.52407968724126,3712.39990234375
2022-03-23,3236.82177734375,3712.39990234375,3729.800048828125,3690.0,3708.0,1596195,3700.949951171875,3673.73994140625,3589.2424560546874,0.3093787087893318,1.3119143259192474,65.22573420969549,3749.85009765625
2022-03-24,3269.47412109375,3749.85009765625,3758.199951171875,3695.0,3700.0,1879046,3712.39990234375,3692.52998046875,3597.4149658203123,1.0087866689377112,1.2006022183590337,67.66095460036382,3707.449951171875
2022-03-25,3232.506591796875,3707.449951171875,3779.5,3672.0,3759.89990234375,1690133,3749.85009765625,3699.469970703125,3604.5974609375,-1.1307157721018313,1.4109419871325957,65.1572420087559,3707.699951171875
2022-03-28,3232.72412109375,3707.699951171875,3713.0,3661.199951171875,3695.0,1760990,3707.449951171875,3715.669970703125,3619.8999633789062,0.006743179362977969,1.1809486753848653,69.72376454823475,3705.35009765625
2022-03-29,3230.6748046875,3705.35009765625,3722.0,3691.0,3694.75,2689063,3707.699951171875,3716.55,3629.1299682617187,-0.06337766126092159,0.7733892236859262,61.65670791471024,3731.550048828125
2022-03-30,3253.519287109375,3731.550048828125,3738.0,3706.199951171875,3738.0,1583455,3705.35009765625,3720.380029296875,3637.9974731445313,0.7070843639970015,0.8283013271414162,61.10174018083856,3739.949951171875
2022-03-31,3260.843017578125,3739.949951171875,3754.64990234375,3720.199951171875,3740.0,2168110,3731.550048828125,3718.4,3647.6874755859376,0.2251049090548296,0.6745738373863533,63.449355213258634,3758.75
2022-04-01,3277.234375,3758.75,3763.0,3728.050048828125,3748.0,1387014,3739.949951171875,3728.660009765625,3658.40498046875,0.5026818292644286,0.3269114946757892,68.16112377929795,3770.35009765625
2022-04-04,3287.348876953125,3770.35009765625,3780.0,3737.10009765625,3762.0,1472994,3758.75,3741.1900390625,3670.70498046875,0.3086158338875933,0.29070456011448076,65.63919630050705,3814.800048828125
2022-04-05,3326.104736328125,3814.800048828125,3835.60009765625,3772.0,3772.0,2314947,3770.35009765625,3763.080029296875,3687.199987792969,1.1789343169883892,0.38090359667483425,77.44099534101117,3755.35009765625
2022-04-06,3274.269775390625,3755.35009765625,3809.300048828125,3731.14990234375,3809.300048828125,2051729,3814.800048828125,3767.8400390625,3694.9699951171874,-1.5584028103946768,1.0162182271687905,62.432822446154184,3684.14990234375
2022-04-07,3212.191162109375,3684.14990234375,3745.5,3679.0,3745.5,2494829,3755.35009765625,3756.680029296875,3697.5474853515625,-1.895966912830227,1.353919206047735,51.25466596876421,3685.64990234375
2022-04-08,3213.4990234375,3685.64990234375,3705.0,3642.5,3690.0,2296773,3684.14990234375,3742.060009765625,3700.7824829101564,0.04071495568205297,1.300780690531565,57.19340037191578,3696.39990234375
2022-04-11,3222.871337890625,3696.39990234375,3712.35009765625,3656.10009765625,3690.0,2291660,3685.64990234375,3727.269970703125,3705.644982910156,0.2916717616929354,1.2985413413224292,49.34295370109876,3691.10009765625
2022-04-12,3218.25048828125,3691.10009765625,3739.0,3648.35009765625,3683.0,4483476,3696.39990234375,3702.52998046875,3708.0499877929688,-0.14337747071521134,0.9997601298441791,46.868597681346685,3661.949951171875
2022-04-13,3192.83447265625,3661.949951171875,3709.85009765625,3655.550048828125,3707.0,1621672,3691.10009765625,3683.849951171875,3711.452490234375,-0.7897414243218326,0.8773494180538586,36.75404859118813,3528.050048828125
2022-04-18,3076.088134765625,3528.050048828125,3610.0,3522.5,3610.0,3820792,3661.949951171875,3652.62998046875,3705.0599975585938,-3.6565191804683206,1.6183535948963632,28.809356824982288,3471.89990234375
2022-04-19,3027.130859375,3471.89990234375,3563.550048828125,3439.14990234375,3550.0,3170014,3528.050048828125,3609.87998046875,3695.0174926757813,-1.591534862239996,1.5568551592297393,25.39648655519683,3556.800048828125
2022-04-20,3101.155517578125,3556.800048828125,3569.14990234375,3480.0,3500.0,2640370,3471.89990234375,3581.960009765625,3691.522497558594,2.445351216118352,2.2212515691762613,36.77792752405659,3628.64990234375
2022-04-21,3163.801025390625,3628.64990234375,3644.0,3567.39990234375,3580.0,2280996,3556.800048828125,3569.469970703125,3687.9074951171874,2.0200700778582714,2.5540536815893535,41.52945985608006,3612.550048828125
2022-04-22,3149.76318359375,3612.550048828125,3617.0,3571.5,3581.10009765625,1581465,3628.64990234375,3559.589990234375,3682.915002441406,-0.44368715497260514,2.5426181199076683,39.64396991406854,3548.199951171875
2022-04-25,3093.65673828125,3548.199951171875,3584.0,3533.10009765625,3558.0,1960694,3612.550048828125,3563.619970703125,3672.8324951171876,-1.7812929035301406,1.9924266429887005,34.06493588561516,3546.300048828125
2022-04-26,3092.0,3546.300048828125,3587.89990234375,3518.14990234375,3575.14990234375,1943469,3548.199951171875,3578.5,3664.775,-0.05354552646117394,1.7661152952361778,32.79053186617665,3561.199951171875
2022-04-27,3104.990966796875,3561.199951171875,3568.449951171875,3506.300048828125,3546.0,1727648,3546.300048828125,3579.37998046875,3657.45,0.42015345962262973,1.3806441093362953,29.594453048693765,3584.300048828125
2022-04-28,3125.133056640625,3584.300048828125,3604.39990234375,3538.050048828125,3588.0,1703660,3561.199951171875,3570.510009765625,3651.397497558594,0.6486605069352613,0.9588194259097443,35.381588364043054,3546.699951171875
2022-04-29,3092.348388671875,3546.699951171875,3623.25,3536.85009765625,3597.0,2051115,3584.300048828125,3557.339990234375,3642.154992675781,-1.0490220445842247,1.0264903067286417,37.53740472006726,3542.39990234375
2022-05-02,3088.599609375,3542.39990234375,3547.949951171875,3492.75,3519.89990234375,1324161,3546.699951171875,3556.17998046875,3632.277490234375,-0.12124084042418604,0.6539301266408518,37.07713125845738,3479.75
2022-05-04,3033.9755859375,3479.75,3545.449951171875,3465.300048828125,3538.5,2305825,3542.39990234375,3542.869970703125,3618.327490234375,-1.7685722693900008,1.017458598391303,32.12901614715703,3513.39990234375
2022-05-05,3063.314453125,3513.39990234375,3533.0,3485.35009765625,3512.10009765625,1612262,3479.75,3533.3099609375,3605.47998046875,0.967020686651332,1.145506072041133,35.99683252068557,3432.60009765625
2022-05-06,2992.86572265625,3432.60009765625,3474.5,3424.5,3459.0,2010812,3513.39990234375,3502.969970703125,3586.369982910156,-2.2997611126931328,1.3055413684991222,33.287184452132365,3445.10009765625
2022-05-09,3003.763916015625,3445.10009765625,3456.0,3346.85009765625,3398.0,2481830,3432.60009765625,3482.65,3570.8574829101562,0.36415544031869196,1.402239160014141,42.65604364488385,3438.75
2022-05-10,2998.22802734375,3438.75,3464.800048828125,3422.0,3434.0,1622685,3445.10009765625,3461.92001953125,3558.5874877929687,-0.18432258791464262,1.3974488507999316,46.78124854805109,3412.0
2022-05-11,2974.905029296875,3412.0,3448.449951171875,3382.14990234375,3435.0,1841769,3438.75,3448.37001953125,3544.904992675781,-0.7778989458378738,1.2500138191038281,34.15059236760516,3408.64990234375
2022-05-12,2971.984130859375,3408.64990234375,3449.699951171875,3350.10009765625,3378.0,2807195,3412.0,3427.42001953125,3530.5174926757813,-0.09818574608001507,1.033807726960792,21.671373852859148,3414.89990234375
2022-05-13,2977.433349609375,3414.89990234375,3439.89990234375,3382.14990234375,3435.0,2187823,3408.64990234375,3423.87998046875,3516.707482910156,0.1833570527645767,0.43656580493145136,23.886884398802422,3376.800048828125
2022-05-16,2944.21435546875,3376.800048828125,3430.0,3366.60009765625,3415.0,1195813,3414.89990234375,3410.219970703125,3502.449987792969,-1.1156945915010819,0.5321958932106242,25.667228148979973,3451.60009765625
2022-05-17,3009.431640625,3451.60009765625,3467.0,3350.39990234375,3370.0,1754076,3376.800048828125,3412.789990234375,3498.627490234375,2.21511631563982,1.3006557689328793,38.86144627095312,3448.800048828125
2022-05-18,3006.990234375,3448.800048828125,3495.0,3443.050048828125,3465.0,1866781,3451.60009765625,3420.15,3497.4724975585937,-0.08112321094284614,1.2204329979075608,36.39226363877119,3261.949951171875
2022-05-19,2844.076416015625,3261.949951171875,3405.0,3230.0,3397.0,4642963,3448.800048828125,3390.810009765625,3482.7299926757814,-5.417829245268657,2.82795708637617,22.05460791883398,3293.0
2022-05-20,2871.14990234375,3293.0,3313.89990234375,3270.050048828125,3310.0,3065125,3261.949951171875,3366.430029296875,3465.9474975585936,0.9518861200482176,2.917182113398843,27.75342222930125,3321.75
2022-05-23,2896.216064453125,3321.75,3338.89990234375,3267.0,3304.800048828125,2293690,3293.0,3355.42001953125,3451.4074951171874,0.8730640753112695,2.979465280170578,31.44707486925654,3288.0
2022-05-24,2866.78955078125,3288.0,3324.85009765625,3275.60009765625,3315.14990234375,1711510,3321.75,3322.7,3438.397497558594,-1.016030706705806,2.629677704633917,33.05346884666372,3167.64990234375
2022-05-25,2780.461669921875,3167.64990234375,3292.85009765625,3154.050048828125,3292.85009765625,3548046,3288.0,3266.469970703125,3419.464990234375,-3.660282775433399,2.8184783644155624,23.503724691629657,3226.949951171875
2022-05-26,2832.512939453125,3226.949951171875,3241.5,3180.550048828125,3191.0,2813186,3167.64990234375,3259.469970703125,3402.752490234375,1.8720518572538314,2.2029006127882043,33.70314579203544,3261.300048828125
2022-05-27,2862.664794921875,3261.300048828125,3278.89990234375,3229.199951171875,3253.199951171875,3103153,3226.949951171875,3253.12998046875,3386.602490234375,1.064475686825439,2.218088961207334,35.92218921556051,3375.25
2022-05-30,2962.68603515625,3375.25,3386.60009765625,3286.35009765625,3297.0,2094624,3261.300048828125,3263.82998046875,3378.029992675781,3.494003908435861,2.768586381704597,45.82456816284595,3364.35009765625
2022-05-31,2953.11865234375,3364.35009765625,3383.39990234375,3325.0,3354.14990234375,4840965,3375.25,3279.1,3369.1275024414062,-0.3229361482482762,2.6995295879781476,46.800088402775636,3355.199951171875
2022-06-01,2945.086669921875,3355.199951171875,3388.0,3340.050048828125,3388.0,1493835,3364.35009765625,3316.610009765625,3362.9,-0.271973671549508,1.597897949030919,46.438333655990775,3423.0
2022-06-02,3004.59912109375,3423.0,3432.0,3346.300048828125,3355.0,2657939,3355.199951171875,3355.82001953125,3358.3800048828125,2.020745404590407,1.6155831446568738,50.49883567921519,3440.14990234375
2022-06-03,3019.653564453125,3440.14990234375,3477.300048828125,3431.199951171875,3459.39990234375,1913622,3423.0,3391.589990234375,3358.7574951171873,0.5010196419442003,1.646481905847792,54.00466643393144,3430.949951171875
2022-06-06,3011.5771484375,3430.949951171875,3453.0,3377.14990234375,3418.0,1084210,3440.14990234375,3402.72998046875,3358.0499877929688,-0.2674287874957715,1.004174915114354,48.576539825347055,3362.699951171875
2022-06-07,2951.669677734375,3362.699951171875,3418.85009765625,3356.0,3401.050048828125,2308256,3430.949951171875,3402.399951171875,3354.2474853515623,-1.989244989618355,1.4523262943821038,44.55614151753657,3404.14990234375
2022-06-08,2988.052734375,3404.14990234375,3413.949951171875,3346.5,3380.14990234375,2185707,3362.699951171875,3412.18994140625,3353.85498046875,1.2326390035908519,1.5357250873711767,61.016417640007276,3427.10009765625
2022-06-09,3008.198486328125,3427.10009765625,3437.0,3353.10009765625,3385.0,1279197,3404.14990234375,3413.0099609375,3354.777490234375,0.6741828641770198,1.2498985536399219,60.520950573517595,3359.89990234375
2022-06-10,2949.212158203125,3359.89990234375,3393.0,3352.0,3382.0,1527582,3427.10009765625,3396.9599609375,3352.027490234375,-1.9608471710078512,1.4815187150932463,52.82278022771268,3219.60009765625
2022-06-13,2826.061767578125,3219.60009765625,3293.0,3192.449951171875,3290.0,3030921,3359.89990234375,3354.689990234375,3344.1674926757814,-4.175713823784799,2.2066587838760965,45.628283476401414,3210.550048828125
2022-06-14,2818.1171875,3210.550048828125,3238.89990234375,3174.699951171875,3190.0,2611493,3219.60009765625,3324.260009765625,3332.114990234375,-0.281092326799004,2.194591182256071,53.19673106373595,3206.300048828125
2022-06-15,2814.38671875,3206.300048828125,3234.0,3201.0,3218.5,1404536,3210.550048828125,3284.6900390625,3319.989990234375,-0.1323760706222643,1.9318030396883688,48.323736034106346,3142.0
2022-06-16,2757.94677734375,3142.0,3244.85009765625,3133.050048828125,3240.0,2032028,3206.300048828125,3227.67001953125,3313.9924926757812,-2.005428308296542,1.6401688398704564,40.76482259080809,3088.89990234375
2022-06-17,2711.3369140625,3088.89990234375,3118.75,3023.85009765625,3092.0,5240434,3142.0,3173.47001953125,3303.787487792969,-1.690009473464349,1.6343202914216697,25.527736581139948,3112.39990234375
2022-06-20,2731.96435546875,3112.39990234375,3138.75,3069.0,3094.0,1502769,3088.89990234375,3152.02998046875,3293.3199829101563,0.760788654309219,1.152305539432619,28.921607074579157,3211.949951171875
2022-06-21,2819.346435546875,3211.949951171875,3237.75,3125.39990234375,3130.0,2964461,3112.39990234375,3152.3099609375,3289.51748046875,3.198498006414918,2.103635543403905,39.590150497435644,3222.949951171875
2022-06-22,2829.001953125,3222.949951171875,3250.550048828125,3183.0,3199.89990234375,3336315,3211.949951171875,3155.63994140625,3292.2824829101564,0.34247108974991836,2.10539932436252,34.15445770635145,3308.800048828125
2022-06-23,2904.3583984375,3308.800048828125,3318.0,3222.949951171875,3222.949951171875,3692578,3222.949951171875,3188.999951171875,3296.3749877929686,2.66371178444873,1.9565193610006766,40.61720329668988,3293.10009765625
2022-06-24,2890.577392578125,3293.10009765625,3345.0,3277.5,3339.0,2132118,3308.800048828125,3229.839990234375,3297.964990234375,-0.47449078034906833,1.5668771692176562,40.24348731226377,3314.699951171875
2022-06-27,2909.537353515625,3314.699951171875,3362.89990234375,3306.5,3350.0,2037686,3293.10009765625,3270.3,3294.9374877929686,0.6559124495182589,1.5765419358335078,46.36253571637369,3318.14990234375
2022-06-28,2912.565185546875,3318.14990234375,3330.0,3272.60009765625,3307.0,1400046,3314.699951171875,3291.539990234375,3292.627478027344,0.10408034581397274,1.1949690787260985,43.08459637503562,3290.5
2022-06-29,2888.295166015625,3290.5,3333.0,3271.0,3271.0,2133994,3318.14990234375,3305.05,3289.39248046875,-0.8332927431705106,1.3748189193144362,39.098156611632085,3267.10009765625
2022-06-30,2867.754638671875,3267.10009765625,3310.89990234375,3255.0,3272.0,2719603,3290.5,3296.710009765625,3281.5974853515627,-0.7111351570809887,0.6223557043587594,42.037081573260245,3315.10009765625
2022-07-01,2909.888427734375,3315.10009765625,3333.0,3252.050048828125,3260.0,1502879,3267.10009765625,3301.110009765625,3275.3449951171874,1.4691928182559932,0.9625347759035998,59.73695136801418,3235.050048828125
2022-07-04,2839.623291015625,3235.050048828125,3317.949951171875,3225.050048828125,3312.0,2622535,3315.10009765625,3285.180029296875,3265.55,-2.4147098570181824,1.4196658044431552,52.18204526735013,3216.300048828125
2022-07-05,2823.16455078125,3216.300048828125,3272.0,3206.949951171875,3255.0,2170627,3235.050048828125,3264.81005859375,3258.2300048828124,-0.5795891784361129,1.382114043266289,50.86820643303661,3260.75
2022-07-06,2862.180908203125,3260.75,3268.5,3202.25,3218.5,2182144,3216.300048828125,3258.86005859375,3251.060009765625,1.382021282127277,1.6275005752132679,60.678000333687514,3287.85009765625
2022-07-07,2885.96875,3287.85009765625,3319.39990234375,3265.050048828125,3271.0,1989921,3260.75,3263.01005859375,3244.097509765625,0.8311001351299474,1.6455479423522807,68.76712278290476,3265.449951171875
2022-07-08,2866.30712890625,3265.449951171875,3305.0,3250.0,3300.0,2136916,3287.85009765625,3253.080029296875,3239.3750122070314,-0.6813007229357293,1.4835649348463802,64.46734690957496,3113.800048828125
2022-07-11,2733.194091796875,3113.800048828125,3225.0,3106.0,3206.14990234375,6974600,3265.449951171875,3228.830029296875,3234.085009765625,-4.644073699225659,2.358086370990261,41.55408868982093,3084.699951171875
2022-07-12,2707.650634765625,3084.699951171875,3136.199951171875,3080.25,3114.89990234375,3734815,3113.800048828125,3202.510009765625,3227.7925048828124,-0.9345525467250759,2.3574542883070313,38.46282045117635,3038.75
2022-07-13,2667.317626953125,3038.75,3110.0,3035.0,3104.0,3863530,3084.699951171875,3158.110009765625,3219.415002441406,-1.4896084513639218,2.015049073571813,25.856042313943377,2998.75
2022-07-14,2639.154296875,2998.75,3057.0,2967.0,3056.0,4764908,3038.75,3100.289990234375,3212.2525024414062,-1.3163307280954384,1.6138969748454433,24.779350854733025,2994.60009765625
2022-07-15,2635.50244140625,2994.60009765625,3028.89990234375,2953.0,3018.550048828125,4574806,2998.75,3046.12001953125,3207.5375122070313,-0.13838773968319895,1.7236207490449256,21.727615585154894,3063.5
2022-07-18,2696.14013671875,3063.5,3076.949951171875,3014.300048828125,3023.0,3202795,2994.60009765625,3036.060009765625,3205.0925170898436,2.3008047851756697,1.552404447390166,29.839285797122955,3074.25
2022-07-19,2705.60107421875,3074.25,3078.949951171875,3030.050048828125,3030.050048828125,1865074,3063.5,3033.97001953125,3198.20751953125,0.35090582666883474,1.5305655644741045,32.40868507621923,3164.800048828125
2022-07-20,2785.2919921875,3164.800048828125,3171.949951171875,3098.050048828125,3107.800048828125,3402251,3074.25,3059.180029296875,3195.3000244140626,2.9454354339472966,1.7615592495453962,42.4977968977886,3177.300048828125
2022-07-21,2796.293212890625,3177.300048828125,3184.0,3144.050048828125,3167.0,2420640,3164.800048828125,3094.8900390625,3188.7250244140623,0.39496966023584434,1.361465518516581,39.33931313497617,3171.0
2022-07-22,2790.749267578125,3171.0,3197.0,3143.5,3185.0,2075886,3177.300048828125,3130.17001953125,3182.62001953125,-0.19828309354820162,1.3760491818642833,44.406598256412664,3166.75
2022-07-25,2787.008056640625,3166.75,3186.449951171875,3149.10009765625,3165.0,1797504,3171.0,3150.82001953125,3175.222521972656,-0.13402712078208756,1.2995603229803119,45.560429666462944,3115.89990234375
2022-07-26,2742.25634765625,3115.89990234375,3168.89990234375,3096.5,3164.699951171875,2639367,3166.75,3159.15,3165.1100219726563,-1.6057503009789253,1.6638802802384673,37.168921291979025,3188.85009765625
2022-07-27,2806.458740234375,3188.85009765625,3194.10009765625,3110.0,3115.0,1389808,3115.89990234375,3163.960009765625,3160.0275268554688,2.3412239673561874,1.4270284587414048,41.88923869605046,3260.5
2022-07-28,2869.5166015625,3260.5,3264.0,3201.64990234375,3216.0,2106333,3188.85009765625,3180.6,3159.6975219726564,2.246888381376455,1.7147153993525748,49.62474787313942,3301.89990234375
2022-07-29,2905.952392578125,3301.89990234375,3317.300048828125,3275.0,3290.0,2430257,3260.5,3206.77998046875,3159.0375122070313,1.269740909178041,1.684248097807363,67.12177651512289,3298.800048828125
2022-08-01,2903.2236328125,3298.800048828125,3327.0,3271.0,3327.0,1306913,3301.89990234375,3233.189990234375,3162.2250122070313,-0.0938809051547751,1.6786277555787579,70.45673395426782,3291.800048828125
2022-08-02,2897.06298828125,3291.800048828125,3312.89990234375,3271.64990234375,3290.0,1269114,3298.800048828125,3268.37001953125,3166.0000122070314,-0.21219837202581804,1.2279537803749536,76.122651528784,3339.5
2022-08-03,2939.04345703125,3339.5,3349.0,3277.050048828125,3280.0,2895824,3291.800048828125,3298.5,3169.9375122070314,1.4490537233224687,1.0573512241345817,84.62555992847206,3354.949951171875
2022-08-04,2952.640625,3354.949951171875,3387.89990234375,3307.35009765625,3350.0,2150567,3339.5,3317.389990234375,3173.2925048828124,0.4626426462606581,0.7626175210494484,85.79516821141173,3365.050048828125
2022-08-05,2961.52978515625,3365.050048828125,3377.0,3355.0,3361.199951171875,1106933,3354.949951171875,3330.02001953125,3178.272509765625,0.301050620821397,0.6578738114607671,83.91632164061603,3374.449951171875
2022-08-08,2969.802001953125,3374.449951171875,3378.89990234375,3336.0,3365.0,1068836,3365.050048828125,3345.15,3191.3050048828127,0.2793391541687118,0.6098990179879265,83.86732674249055,3354.25
2022-08-10,2952.024658203125,3354.25,3385.0,3335.0,3385.0,1878359,3374.449951171875,3357.639990234375,3204.782507324219,-0.598614632433947,0.7286544714866242,75.40566254559836,3422.5
2022-08-11,3012.091064453125,3422.5,3428.699951171875,3375.050048828125,3400.0,1449248,3354.25,3374.239990234375,3223.970007324219,2.0347320563464333,0.9555021305341102,78.60476376282008,3401.550048828125
2022-08-12,2993.652099609375,3401.550048828125,3419.0,3381.25,3419.0,1472354,3422.5,3383.560009765625,3244.110009765625,-0.612124212472609,1.077888398167551,76.00678802192833,3392.699951171875
2022-08-16,2985.864013671875,3392.699951171875,3414.85009765625,3387.5,3411.0,839942,3401.550048828125,3389.089990234375,3264.015002441406,-0.26017837542325895,1.1041638794399462,75.22608296041251,3401.10009765625
2022-08-17,2993.25634765625,3401.10009765625,3417.949951171875,3371.10009765625,3385.10009765625,1622326,3392.699951171875,3394.42001953125,3280.8950073242186,0.24759473591153824,1.1034592099833893,85.17516823063646,3381.25
2022-08-18,2975.787109375,3381.25,3392.0,3362.0,3390.0,1430659,3401.10009765625,3399.82001953125,3296.245007324219,-0.5836375609741373,1.1008946769121233,77.30627434131196,3385.75
2022-08-19,2979.746826171875,3385.75,3421.5,3371.25,3387.0,1398410,3381.25,3392.47001953125,3307.2925048828124,0.13308687615527504,0.3971148218006847,71.96213271870778,3354.550048828125
2022-08-22,2952.288330078125,3354.550048828125,3384.10009765625,3347.39990234375,3365.0,1536532,3385.75,3383.07001953125,3316.1550048828126,-0.9215078246141872,0.4881267136133477,59.57449642379872,3284.60009765625
2022-08-23,2890.7265625,3284.60009765625,3341.89990234375,3270.0,3319.949951171875,1849256,3354.550048828125,3361.450048828125,3321.835009765625,-2.085226040860866,0.9429436149414169,47.92276928857089,3255.35009765625
2022-08-24,2864.984130859375,3255.35009765625,3308.0,3250.199951171875,3292.0,1691923,3284.60009765625,3332.300048828125,3326.2650146484375,-0.8905193670569411,0.8012543594033116,44.993826907974984,3218.199951171875
2022-08-25,2832.289306640625,3218.199951171875,3278.14990234375,3214.75,3276.0,1946930,3255.35009765625,3299.6900390625,3331.380017089844,-1.1412028006180353,0.7902366245114589,32.84300352846843,3222.199951171875
2022-08-26,2835.809326171875,3222.199951171875,3257.0,3216.800048828125,3234.300048828125,1457962,3218.199951171875,3266.980029296875,3333.047509765625,0.12429308497576841,0.7871407374609731,30.59495888048717,3132.550048828125
2022-08-29,2756.90966796875,3132.550048828125,3142.699951171875,3081.0,3125.0,2539173,3222.199951171875,3222.580029296875,3326.650012207031,-2.782257578743541,1.1202738278438775,22.42647697515858,3211.14990234375
2022-08-30,2826.084228515625,3211.14990234375,3226.5,3142.10009765625,3155.0,3431525,3132.550048828125,3207.889990234375,3322.112512207031,2.5091332074655526,1.9491383583757322,33.36389236125447,3131.699951171875
2022-09-01,2756.161865234375,3131.699951171875,3190.0,3121.0,3190.0,3546935,3211.14990234375,3183.1599609375,3313.7575073242188,-2.4741900436938913,2.158832960282469,29.770018264495633,3130.39990234375
2022-09-02,2755.017333984375,3130.39990234375,3163.0,3120.300048828125,3163.0,2052900,3131.699951171875,3165.599951171875,3305.6875,-0.04151256021952543,2.1653837392482793,19.768159945178297,3133.39990234375
2022-09-05,2757.657470703125,3133.39990234375,3147.949951171875,3112.25,3123.64990234375,2147912,3130.39990234375,3147.83994140625,3295.3824951171873,0.09583440114964148,2.163260778542839,21.175958073853636,3127.050048828125
2022-09-06,2752.069091796875,3127.050048828125,3140.85009765625,3106.35009765625,3135.5,1936453,3133.39990234375,3146.73994140625,3283.9875,-0.2026505940360579,1.7654156277707982,21.29039679917932,3149.60009765625
2022-09-07,2771.914794921875,3149.60009765625,3161.89990234375,3102.0,3102.0,1291534,3127.050048828125,3134.42998046875,3273.2150024414063,0.7211284909423021,1.2217365143601684,23.62624758573088,3169.64990234375
2022-09-08,2789.561279296875,3169.64990234375,3183.5,3160.10009765625,3170.0,1346113,3149.60009765625,3142.019970703125,3262.975,0.6365825522554491,0.4137382415036325,27.819673557547134,3217.64990234375
2022-09-09,2831.8046875,3217.64990234375,3233.5,3168.5,3195.0,1561185,3169.64990234375,3159.469970703125,3256.1449951171876,1.5143628311917734,0.6594467221588882,33.852040792395385,3242.949951171875
2022-09-12,2854.0712890625,3242.949951171875,3269.800048828125,3225.0,3239.89990234375,1785928,3217.64990234375,3181.37998046875,3247.1674926757814,0.7862896709084577,0.6102226520534404,39.15660878641236,3229.35009765625
2022-09-13,2842.10205078125,3229.35009765625,3263.449951171875,3225.0,3263.449951171875,1972678,3242.949951171875,3201.839990234375,3238.5574951171875,-0.41936674078829617,0.691819752665363,43.971624782231125,3120.39990234375
2022-09-14,2746.216552734375,3120.39990234375,3141.39990234375,3113.800048828125,3135.0,5090269,3229.35009765625,3195.999951171875,3224.942492675781,-3.3737498883001926,1.9188755623411378,37.456987749166984,3104.35009765625
2022-09-15,2732.091552734375,3104.35009765625,3137.75,3100.0,3130.0,2138023,3120.39990234375,3182.939990234375,3210.1049926757814,-0.514350890584403,1.8660585828726926,38.986166843409244,3008.699951171875
2022-09-16,2647.9111328125,3008.699951171875,3094.35009765625,3000.0,3076.0,5322221,3104.35009765625,3141.15,3191.477490234375,-3.0811649290648613,1.8177084712774751,32.45684705670888,3028.800048828125
2022-09-19,2665.600830078125,3028.800048828125,3042.0,2987.800048828125,3036.0,2072220,3008.699951171875,3098.32001953125,3173.629992675781,0.668065875044177,1.7839072236202647,40.37479762522775,3040.300048828125
2022-09-20,2675.722412109375,3040.300048828125,3079.949951171875,3030.0,3050.0,1544295,3028.800048828125,3060.510009765625,3157.9174926757814,0.37968831928834046,1.9181982418126609,31.895739477010622,3001.199951171875
2022-09-21,2641.310791015625,3001.199951171875,3041.39990234375,2998.14990234375,3028.0,2253818,3040.300048828125,3036.67001953125,3143.7474853515623,-1.2860604883824234,1.5052344146201488,34.87833140208575,3007.39990234375
2022-09-22,2646.767333984375,3007.39990234375,3029.949951171875,2979.300048828125,2990.0,2017983,3001.199951171875,3017.27998046875,3131.3499755859375,0.20658240946105355,1.5686510982166242,35.907421227707616,2982.050048828125
2022-09-23,2624.45703125,2982.050048828125,3022.5,2979.0,3004.0,2652374,3007.39990234375,3011.95,3119.54248046875,-0.8429159519447116,0.8432987961262995,33.504094380159216,2994.39990234375
2022-09-26,2635.325927734375,2994.39990234375,3025.85009765625,2926.10009765625,2959.85009765625,2925489,2982.050048828125,3005.069970703125,3108.152478027344,0.4141397130634328,0.785505864532493,35.72886324177945,3017.449951171875
2022-09-27,2655.61181640625,3017.449951171875,3025.0,2976.0,3009.39990234375,2227447,2994.39990234375,3000.499951171875,3102.3974731445314,0.7697718935297582,0.8749463391449598,35.79793489195099,3035.64990234375
2022-09-28,2671.629638671875,3035.64990234375,3049.949951171875,2980.0,2980.0,2739767,3017.449951171875,3007.38994140625,3093.6224731445313,0.6031566874806549,0.6356500530746837,35.54164563670983,2997.300048828125
2022-09-29,2637.87841796875,2997.300048828125,3055.85009765625,2990.0,3054.0,2493902,3035.64990234375,3005.369970703125,3086.902478027344,-1.263316085495103,0.9238452514565035,25.719011341582373,3004.550048828125
2022-09-30,2644.259033203125,3004.550048828125,3019.699951171875,2950.10009765625,2990.85009765625,2817353,2997.300048828125,3009.869970703125,3080.6099853515625,0.24188435865253322,0.8162558060853756,22.641718769086637,2984.949951171875
2022-10-03,2627.00927734375,2984.949951171875,3020.699951171875,2974.0,2995.0,1763331,3004.550048828125,3007.97998046875,3073.1874877929686,-0.6523471846939133,0.8686594553757773,22.334143819129196,3091.14990234375
2022-10-04,2720.474365234375,3091.14990234375,3098.0,3023.0,3029.949951171875,2145875,2984.949951171875,3022.719970703125,3071.39248046875,3.557846962565714,1.8617765737951122,46.66818321877618,3101.949951171875
2022-10-06,2729.9794921875,3101.949951171875,3124.0,3092.449951171875,3111.0,1790816,3091.14990234375,3035.97998046875,3069.009973144531,0.34938612391253177,1.861633327653247,49.723294125594244,3064.89990234375
2022-10-07,2697.371826171875,3064.89990234375,3105.0,3058.10009765625,3097.39990234375,1939879,3101.949951171875,3049.499951171875,3063.7724731445314,-1.1944115608354067,1.8459996225142263,57.49133206066874,3118.550048828125
2022-10-10,2744.589111328125,3118.550048828125,3127.0,3005.0,3010.0,3064063,3064.89990234375,3072.299951171875,3058.81748046875,1.7504697769525235,1.9230189107706863,60.98128244803833,3069.550048828125
2022-10-11,2701.46484375,3069.550048828125,3145.0,3053.35009765625,3100.0,4730645,3118.550048828125,3089.219970703125,3050.1474853515624,-1.5712430210447659,2.125272045405017,53.27804621791258,3100.75
2022-10-12,2728.923095703125,3100.75,3109.89990234375,3062.050048828125,3084.89990234375,1665247,3069.550048828125,3091.139990234375,3043.71748046875,1.0164340269931849,1.4221627731650237,61.35768445927766,3103.300048828125
2022-10-13,2731.16748046875,3103.300048828125,3110.0,3052.35009765625,3100.75,2054781,3100.75,3091.410009765625,3042.8624877929688,0.08223974290493263,1.414043446375644,61.03315448781291,3099.14990234375
2022-10-14,2727.51513671875,3099.14990234375,3150.0,3071.0,3145.0,2245977,3103.300048828125,3098.260009765625,3042.6024780273438,-0.13373332965151974,1.2578663946001245,64.1630154840851,3111.75
2022-10-17,2745.691162109375,3111.75,3128.39990234375,3071.449951171875,3072.64990234375,1517005,3099.14990234375,3096.9,3047.75498046875,0.40656625375625755,0.959675458138004,64.18469561686396,3144.699951171875
2022-10-18,2774.765380859375,3144.699951171875,3155.35009765625,3128.550048828125,3150.0,1793722,3111.75,3111.92998046875,3053.5499755859373,1.058888123142121,0.5392036935579441,65.02182882557805,3121.85009765625
2022-10-19,2754.603515625,3121.85009765625,3159.0,3112.0,3159.0,1194289,3144.699951171875,3116.15,3057.627478027344,-0.7266147445040061,0.6604294482445988,60.0654082198154,3157.300048828125
2022-10-20,2785.88330078125,3157.300048828125,3160.0,3105.0,3105.0,1587601,3121.85009765625,3126.95,3065.432482910156,1.1355430293878976,0.793076244524623,68.81023862964473,3137.39990234375
2022-10-21,2768.32421875,3137.39990234375,3160.39990234375,3127.0,3157.800048828125,1021913,3157.300048828125,3134.6,3071.932482910156,-0.6302900002095546,0.8932635821518788,65.16722459298322,3161.699951171875
2022-10-24,2789.76513671875,3161.699951171875,3178.0,3155.0,3170.10009765625,260949,3137.39990234375,3144.589990234375,3080.9149780273438,0.774528258573981,0.9241329008942721,69.96496600290331,3162.10009765625
2022-10-25,2790.11865234375,3162.10009765625,3184.25,3151.14990234375,3180.5,2069643,3161.699951171875,3148.07001953125,3089.2999877929688,0.012656054987969512,0.8292640712415936,60.531404467508374,3157.39990234375
2022-10-27,2785.971435546875,3157.39990234375,3174.0,3134.35009765625,3160.699951171875,2438421,3162.10009765625,3155.17998046875,3096.2974853515625,-0.14864157260497946,0.7154051683073858,58.382438153023976,3163.25
2022-10-28,2791.13330078125,3163.25,3178.5,3145.0,3150.0,1355739,3157.39990234375,3156.369970703125,3102.677490234375,0.18528212571069513,0.5114323801171085,66.41626458890266,3193.14990234375
2022-10-31,2817.51611328125,3193.14990234375,3199.0,3177.800048828125,3199.0,1919414,3163.25,3167.519970703125,3112.4699829101564,0.9452272929344918,0.48063070774282823,63.524240071737196,3259.699951171875
2022-11-01,2876.237060546875,3259.699951171875,3262.60009765625,3203.449951171875,3214.5,2991060,3193.14990234375,3187.119970703125,3125.2274780273438,2.08415047409074,0.9216933616041103,82.41000895499532,3241.699951171875
2022-11-02,2860.35498046875,3241.699951171875,3270.0,3222.050048828125,3270.0,1405955,3259.699951171875,3203.03994140625,3138.064978027344,-0.5521980633072965,1.0409882157801065,75.15610062597113,3206.75
2022-11-03,2829.516357421875,3206.75,3228.050048828125,3195.0,3228.050048828125,1422652,3241.699951171875,3212.9099609375,3143.8449829101564,-1.0781365239938556,1.2486744002011152,66.54931585282694,3217.39990234375
2022-11-04,2838.912841796875,3217.39990234375,3220.050048828125,3166.14990234375,3217.0,1464013,3206.75,3223.73994140625,3149.61748046875,0.3321089060185578,1.2465309579101325,68.53156110588218,3233.699951171875
2022-11-07,2853.2958984375,3233.699951171875,3242.800048828125,3195.10009765625,3229.0,1474498,3217.39990234375,3231.849951171875,3158.057482910156,0.5066217853817667,1.2086987726129987,68.89230967068461,3216.050048828125
2022-11-09,2837.72216796875,3216.050048828125,3249.800048828125,3201.64990234375,3249.800048828125,1162267,3233.699951171875,3223.119970703125,3162.932482910156,-0.5458113804700293,0.6660400068927326,61.603521276629536,3205.64990234375
2022-11-10,2828.545166015625,3205.64990234375,3225.0,3170.0,3170.0,1573092,3216.050048828125,3215.9099609375,3169.7374755859373,-0.32338260681498143,0.6492357015298621,64.20333321747017,3315.949951171875
2022-11-11,2925.869873046875,3315.949951171875,3341.60009765625,3255.050048828125,3269.60009765625,3265394,3205.64990234375,3237.749951171875,3180.4974731445313,3.4408014657957953,1.6033154534209137,71.44783709637812,3335.5
2022-11-14,2943.120361328125,3335.5,3349.0,3309.0,3324.0,1342074,3315.949951171875,3261.369970703125,3192.107470703125,0.5895761129089294,1.593369658175792,76.80647305470725,3332.60009765625
2022-11-15,2940.561767578125,3332.60009765625,3339.949951171875,3292.0,3321.0,1400708,3335.5,3281.15,3203.77998046875,-0.08694055894917785,1.636044445425306,74.54754074675678,3355.35009765625
2022-11-16,2960.63525390625,3355.35009765625,3367.89990234375,3321.449951171875,3338.89990234375,1748235,3332.60009765625,3309.010009765625,3215.9599853515624,0.6826501630363468,1.5051750398693782,76.08312837262517,3349.0
2022-11-17,2955.032470703125,3349.0,3360.0,3317.75,3340.0,1417986,3355.35009765625,3337.680029296875,3226.1749877929688,-0.18925290868113676,1.4797805254562837,75.74577363229453,3343.449951171875
2022-11-18,2950.134765625,3343.449951171875,3362.75,3321.0,3350.0,1164540,3349.0,3343.180029296875,3237.25498046875,-0.16572256877053215,0.4320206919993626,74.23344909983827,3283.5
2022-11-21,2897.237060546875,3283.5,3333.699951171875,3273.0,3322.5,1304194,3343.449951171875,3332.780029296875,3243.564978027344,-1.7930566345359167,0.904151757183842,61.24176629335265,3314.949951171875
2022-11-22,2924.98779296875,3314.949951171875,3318.949951171875,3255.25,3280.0,1149739,3283.5,3329.25,3252.44248046875,0.957817912954928,1.0735728756401368,57.53237900477165,3308.300048828125
2022-11-23,2919.11962890625,3308.300048828125,3330.0,3291.0,3330.0,1150011,3314.949951171875,3319.839990234375,3259.7724853515624,-0.2006034010075819,0.9809580632542635,59.36974056788471,3380.14990234375
2022-11-24,2982.51806640625,3380.14990234375,3392.949951171875,3308.300048828125,3316.25,1296591,3308.300048828125,3326.069970703125,3270.6749755859373,2.1718058354796455,1.4772135893973544,72.10043189823631,3389.64990234375
2022-11-25,2990.89990234375,3389.64990234375,3403.35009765625,3348.0,3383.0,1588981,3380.14990234375,3335.3099609375,3282.2874755859375,0.2810526241280753,1.4634593501531967,72.01841275785662,3395.25
2022-11-28,2995.841796875,3395.25,3417.0,3365.550048828125,3366.0,2195437,3389.64990234375,3357.6599609375,3293.8874755859374,0.16521168314100887,0.9357047669573394,71.2314455988906,3397.35009765625
2022-11-29,2997.6943359375,3397.35009765625,3429.0,3383.0,3383.0,1576028,3395.25,3374.139990234375,3304.0974853515627,0.06185399178999518,0.9536361263149141,74.84241929947927,3390.800048828125
2022-11-30,2991.914794921875,3390.800048828125,3414.89990234375,3375.0,3383.0,3410702,3397.35009765625,3390.639990234375,3310.652490234375,-0.19279875902821209,0.9522164690710417,75.64050982479083,3475.64990234375
2022-12-01,3066.783447265625,3475.64990234375,3480.0,3420.0,3425.0,2180856,3390.800048828125,3409.739990234375,3322.349987792969,2.502354969145104,1.0978621520063316,73.79320930848374,3439.14990234375
2022-12-02,3034.5771484375,3439.14990234375,3468.89990234375,3413.0,3458.10009765625,2411749,3475.64990234375,3419.639990234375,3333.9699829101564,-1.0501633083178752,1.32202531402626,64.70003684098268,3425.89990234375
2022-12-05,3022.885986328125,3425.89990234375,3439.14990234375,3407.0,3433.0,1475065,3439.14990234375,3425.769970703125,3344.394982910156,-0.385269626978757,1.3582012590440709,62.85475748063491,3385.35009765625
2022-12-06,2987.105712890625,3385.35009765625,3407.949951171875,3368.0,3400.050048828125,1166999,3425.89990234375,3423.369970703125,3351.977490234375,-1.183624911508907,1.4943256916766305,53.940113355214294,3380.60009765625
2022-12-07,2982.9150390625,3380.60009765625,3393.699951171875,3354.0,3368.300048828125,1167505,3385.35009765625,3421.32998046875,3360.2049926757813,-0.1403104512968545,1.4933602909922572,54.1677829355123,3350.550048828125
2022-12-08,2956.39990234375,3350.550048828125,3380.60009765625,3339.449951171875,3360.0,1285619,3380.60009765625,3396.310009765625,3367.45,-0.8888968810288556,0.44724168945537174,50.87959669575064,3292.75
2022-12-09,2905.3994140625,3292.75,3374.10009765625,3276.35009765625,3374.10009765625,1797896,3350.550048828125,3367.030029296875,3366.290002441406,-1.725091342788354,0.6318950729748708,51.15207457347577,3286.449951171875
2022-12-12,2899.840576171875,3286.449951171875,3296.0,3236.10009765625,3255.5,1527610,3292.75,3339.1400390625,3363.8375,-0.19133091877989727,0.673274038998406,46.213125858028555,3332.10009765625
2022-12-13,2940.1201171875,3332.10009765625,3336.449951171875,3267.800048828125,3277.199951171875,1378016,3286.449951171875,3328.4900390625,3363.8125,1.389041280488601,1.1475206526143438,52.86540404886574,3365.35009765625
2022-12-14,2969.458740234375,3365.35009765625,3377.0,3340.89990234375,3348.800048828125,1213311,3332.10009765625,3325.4400390625,3364.3125,0.9978691823630204,1.293527226800935,48.035599015920006,3305.10009765625
2022-12-15,2916.296142578125,3305.10009765625,3364.75,3298.949951171875,3358.800048828125,1415694,3365.35009765625,3316.350048828125,3362.1175048828127,-1.7903040768911471,1.4827788223541223,40.10998174586312,3240.25
2022-12-16,2859.075439453125,3240.25,3292.0,3225.199951171875,3275.0,2703680,3305.10009765625,3305.850048828125,3356.9575073242186,-1.9621220459325017,1.5437084780979116,34.07643951113707,3202.050048828125
2022-12-19,2825.36865234375,3202.050048828125,3245.5,3194.5,3227.0,2120965,3240.25,3288.970068359375,3352.885009765625,-1.1789198725985606,1.5870815846235575,31.321726225361203,3243.949951171875
2022-12-20,2862.34033203125,3243.949951171875,3249.0,3163.64990234375,3198.89990234375,1529971,3202.050048828125,3271.3400390625,3349.335009765625,1.3085336489067068,1.5632419493875511,36.844923107609105,3268.550048828125
2022-12-21,2884.045654296875,3268.550048828125,3283.050048828125,3240.0,3249.0,1432566,3243.949951171875,3251.980029296875,3347.347509765625,0.7583377680461245,1.507585589237142,29.202671963652037,3259.699951171875
2022-12-22,2876.237060546875,3259.699951171875,3294.0,3245.10009765625,3294.0,1384101,3268.550048828125,3242.9,3341.3250122070312,-0.2707652483223577,1.3452374191323384,30.919738648959452,3228.35009765625
2022-12-23,2848.575439453125,3228.35009765625,3266.85009765625,3217.0,3217.0,1360281,3259.699951171875,3240.52001953125,3333.2600219726564,-0.9617404664608697,1.0783904181730168,29.773751900981964,3252.89990234375
2022-12-26,2870.237060546875,3252.89990234375,3272.0,3225.050048828125,3228.35009765625,870157,3228.35009765625,3250.689990234375,3326.1425170898438,0.7604443119512583,0.9158584471200603,35.97965831173704,3259.5
2022-12-27,2876.060791015625,3259.5,3273.800048828125,3231.5,3269.199951171875,835883,3252.89990234375,3253.8,3319.2500122070314,0.20289888574482884,0.7322772253658354,37.23112106939934,3257.10009765625
2022-12-28,2873.942626953125,3257.10009765625,3266.10009765625,3226.0,3249.800048828125,910795,3259.5,3251.510009765625,3312.5650146484377,-0.07362792893849113,0.6323808322295608,39.53645269806662,3268.75
2022-12-29,2884.222900390625,3268.75,3271.5,3228.0,3231.10009765625,1037927,3257.10009765625,3253.32001953125,3302.22001953125,0.35767713593244377,0.6444809604964387,47.0029962720376,3256.699951171875
2022-12-30,2873.590087890625,3256.699951171875,3299.0,3246.199951171875,3286.050048828125,1163131,3268.75,3258.989990234375,3293.097521972656,-0.3686439412045939,0.42844372380609763,46.337559134161665,3261.449951171875
2023-01-02,2877.781494140625,3261.449951171875,3266.85009765625,3235.199951171875,3261.0,709547,3256.699951171875,3260.7,3284.8750244140624,0.14585316643280777,0.2818411108866572,40.32851557721834,3311.35009765625
2023-01-03,2921.811279296875,3311.35009765625,3320.0,3245.300048828125,3252.0,1245178,3261.449951171875,3271.07001953125,3281.1750244140626,1.5299988419704258,0.7288693334423162,42.9300846021958,3314.64990234375
2023-01-04,2924.72265625,3314.64990234375,3327.35009765625,3286.199951171875,3306.699951171875,1231668,3311.35009765625,3282.57998046875,3277.8775146484377,0.09965133828149231,0.7094387640188233,51.469428111621845,3311.10009765625
2023-01-05,2921.590576171875,3311.10009765625,3337.300048828125,3281.949951171875,3330.199951171875,1826057,3314.64990234375,3291.05,3275.9050170898436,-0.10709440791891733,0.7385102825329991,63.4364223619049,3211.550048828125
2023-01-06,2833.751708984375,3211.550048828125,3301.550048828125,3200.0,3300.0,2488376,3311.10009765625,3282.02001953125,3271.84501953125,-3.0065550992732337,1.6631908894958374,51.46154065736277,3319.949951171875
2023-01-09,2929.399169921875,3319.949951171875,3327.0,3221.14990234375,3229.0,2885060,3211.550048828125,3293.72001953125,3273.52001953125,3.3753141223286987,2.3494148588619885,59.70627008784085,3286.39990234375
2023-01-10,2899.795654296875,3286.39990234375,3298.0,3230.10009765625,3285.0,3864655,3319.949951171875,3288.72998046875,3271.235009765625,-1.010558873524059,2.3124902461298547,52.2287273638447,3328.699951171875
2023-01-11,2937.120361328125,3328.699951171875,3349.5,3271.14990234375,3290.10009765625,2720512,3286.39990234375,3291.539990234375,3269.4025024414063,1.287124211449675,2.4012271798836746,57.951151553071824,3334.35009765625
2023-01-12,2942.10595703125,3334.35009765625,3350.0,3315.550048828125,3329.0,2250391,3328.699951171875,3296.189990234375,3270.8650024414064,0.16974033608483374,2.3982276086481624,62.98384077378638,3374.550048828125
2023-01-13,2977.576416015625,3374.550048828125,3379.0,3305.0,3342.89990234375,1742837,3334.35009765625,3328.789990234375,3277.5800048828123,1.2056307824463985,1.6200594962721484,64.35061796947045,3334.050048828125
2023-01-16,3008.709716796875,3334.050048828125,3353.0,3298.050048828125,3317.0,1843607,3374.550048828125,3331.610009765625,3284.1800048828127,-1.2001600039704408,1.1789655402471195,58.1431008836002,3378.39990234375
2023-01-17,3048.732177734375,3378.39990234375,3381.800048828125,3321.0,3330.0,1688475,3334.050048828125,3350.010009765625,3290.9025024414063,1.3302095909212053,1.0942150461939977,62.13726994239705,3390.0
2023-01-18,3059.2001953125,3390.0,3408.949951171875,3372.25,3380.0,2421189,3378.39990234375,3362.27001953125,3296.975,0.3433607030417729,1.0156890505068812,62.13349581689523,3373.10009765625
2023-01-19,3043.949462890625,3373.10009765625,3387.0,3361.0,3380.0,1585044,3390.0,3370.02001953125,3302.6450073242186,-0.49852219303097023,1.0898489756499976,61.53619453056985,3363.10009765625
2023-01-20,3034.925537109375,3363.10009765625,3394.64990234375,3355.60009765625,3365.0,1529349,3373.10009765625,3367.730029296875,3309.3825073242188,-0.2964631855114086,0.9543938983846258,59.97059295428258,3414.89990234375
2023-01-23,3081.67041015625,3414.89990234375,3419.0,3355.60009765625,3388.0,1067916,3363.10009765625,3383.9,3317.4825073242187,1.5402397544931556,0.9254681072360773,60.1192146264093,3436.300048828125
2023-01-24,3100.982421875,3436.300048828125,3451.949951171875,3417.300048828125,3425.0,1387863,3414.89990234375,3395.480029296875,3326.322509765625,0.6266698028158046,0.8110062372805105,61.481850169711805,3429.75
2023-01-25,3095.071044921875,3429.75,3435.0,3405.0,3425.300048828125,874110,3436.300048828125,3403.430029296875,3334.9550048828123,-0.19061341370230078,0.8453849402997105,61.13560791588456,3411.050048828125
2023-01-27,3078.196044921875,3411.050048828125,3446.0,3382.300048828125,3426.0,1785879,3429.75,3411.02001953125,3342.0700073242188,-0.5452278204497452,0.8557284980423386,72.07347235143291,3433.64990234375
2023-01-30,3098.5908203125,3433.64990234375,3458.449951171875,3385.550048828125,3420.0,1953798,3411.050048828125,3425.12998046875,3350.9175048828124,0.662548282555675,0.8156262197128511,65.528543658243,3358.699951171875
2023-01-31,3030.954833984375,3358.699951171875,3449.0,3351.0,3449.0,2820375,3433.64990234375,3413.889990234375,3355.7800048828126,-2.1828070217850493,1.1617798927032705,58.87117695023542,3408.35009765625
2023-02-01,3075.759765625,3408.35009765625,3419.0,3355.0,3363.0,2205161,3358.699951171875,3408.3,3360.6300048828125,1.478254896423592,1.3785365897209625,59.59987641424767,3460.39990234375
2023-02-02,3122.73046875,3460.39990234375,3469.0,3420.10009765625,3427.0,1813847,3408.35009765625,3414.42998046875,3367.9175048828124,1.5271261224981458,1.5685631570945344,63.66394993219632,3482.300048828125
2023-02-03,3142.49365234375,3482.300048828125,3504.0,3452.89990234375,3504.0,1804469,3460.39990234375,3428.67998046875,3376.477502441406,0.6328790631840553,1.5185781528143003,62.16278036643991,3459.949951171875
2023-02-06,3122.32470703125,3459.949951171875,3473.14990234375,3436.85009765625,3473.14990234375,1138714,3482.300048828125,3433.939990234375,3388.897497558594,-0.6418199851495054,1.5781371354323228,64.81873354866147,3472.550048828125
2023-02-07,3133.6953125,3472.550048828125,3493.0,3461.39990234375,3468.89990234375,1455647,3459.949951171875,3456.710009765625,3396.5275024414063,0.3641699398565734,0.894944176465804,61.976864875743274,3520.10009765625
2023-02-08,3176.605224609375,3520.10009765625,3539.89990234375,3478.050048828125,3478.050048828125,1986946,3472.550048828125,3479.060009765625,3408.212512207031,1.3693121239295447,0.8714284873466797,65.16318154501748,3540.85009765625
2023-02-09,3195.330322265625,3540.85009765625,3547.60009765625,3505.300048828125,3515.0,1655427,3520.10009765625,3495.150048828125,3418.82001953125,0.5894718736497273,0.7239906909726861,69.37737809328387,3537.550048828125
2023-02-10,3192.352783203125,3537.550048828125,3542.35009765625,3508.14990234375,3520.0,1187821,3540.85009765625,3506.200048828125,3428.980017089844,-0.09319933736560149,0.7535622517797839,70.46813225468073,3482.39990234375
2023-02-13,3142.583740234375,3482.39990234375,3549.0,3473.39990234375,3549.0,1087939,3537.550048828125,3510.6900390625,3434.372509765625,-1.558992684856697,1.0844667498592986,57.8579654554198,3500.10009765625
2023-02-14,3158.556640625,3500.10009765625,3524.85009765625,3495.0,3505.0,1579818,3482.39990234375,3516.200048828125,3442.675012207031,0.5082757813250405,1.0939812005002867,57.491776461960725,3520.64990234375
2023-02-15,3177.100830078125,3520.64990234375,3526.0,3460.14990234375,3487.0,1429449,3500.10009765625,3516.310009765625,3449.7875122070313,0.5871204855329992,0.9205246583360782,60.3342248512564,3558.050048828125
2023-02-16,3210.85205078125,3558.050048828125,3575.0,3527.0,3527.199951171875,1618931,3520.64990234375,3519.75,3458.1900146484377,1.0623080261254358,1.0148385159138165,66.0305172793871,3501.14990234375
2023-02-17,3159.50390625,3501.14990234375,3538.89990234375,3490.0,3526.14990234375,1061369,3558.050048828125,3512.469970703125,3464.5925048828126,-1.5991946629057563,1.2766402752447095,56.848609272573064,3487.300048828125
2023-02-20,3147.006103515625,3487.300048828125,3522.0,3475.050048828125,3502.0,1296082,3501.14990234375,3513.45,3470.8025024414064,-0.3955801351536947,1.0535833006834114,64.89459045856742,3451.0
2023-02-21,3114.248291015625,3451.0,3508.89990234375,3444.75,3494.0,1139541,3487.300048828125,3503.62998046875,3472.6075073242187,-1.0409212949807234,1.1052472122792052,55.09738766687442,3401.550048828125
2023-02-22,3069.623046875,3401.550048828125,3447.0,3395.0,3414.949951171875,1218430,3451.0,3479.810009765625,3470.870007324219,-1.4329165798862675,1.0791883933607982,42.922459429859984,3413.800048828125
2023-02-23,3080.677978515625,3413.800048828125,3452.39990234375,3408.0,3421.0,1441570,3401.550048828125,3450.960009765625,3470.072509765625,0.36012993559275674,0.8069141482165272,41.56612888874995,3400.449951171875
2023-02-24,3068.630615234375,3400.449951171875,3433.949951171875,3382.300048828125,3422.5,977592,3413.800048828125,3430.82001953125,3469.5425048828124,-0.3910626710791898,0.6880166067062602,42.50819539090723,3331.85009765625
2023-02-27,3006.72509765625,3331.85009765625,3390.0,3316.0,3390.0,1128022,3400.449951171875,3399.730029296875,3464.4525146484375,-2.0173757738144005,0.9218505951730651,34.47364323166293,3312.85009765625
2023-02-28,2989.5791015625,3312.85009765625,3392.0,3299.89990234375,3328.5,4116217,3331.85009765625,3372.100048828125,3462.160021972656,-0.570253746210414,0.9284357416159758,25.591819928945952,3385.699951171875
2023-03-01,3055.3203125,3385.699951171875,3389.0,3315.0,3323.0,1669307,3312.85009765625,3368.930029296875,3461.0275146484373,2.1990084479573735,1.5393221727243434,33.72494505365047,3321.449951171875
2023-03-02,2997.339111328125,3321.449951171875,3369.89990234375,3318.0,3361.0,1556538,3385.699951171875,3350.460009765625,3454.0800170898438,-1.8976873593822607,1.699346685094568,29.90140825881808,3342.14990234375
2023-03-03,3016.019775390625,3342.14990234375,3358.0,3331.10009765625,3354.0,1043190,3321.449951171875,3338.8,3447.072509765625,0.6232203247431567,1.7795421446980795,36.06280162763684,3371.85009765625
2023-03-06,3042.82177734375,3371.85009765625,3404.949951171875,3359.0,3361.89990234375,1334132,3342.14990234375,3346.8,3442.667517089844,0.8886553918982631,1.551706745196287,37.55216691136814,3390.39990234375
2023-03-08,3059.56103515625,3390.39990234375,3396.0,3330.85009765625,3364.0,1844590,3371.85009765625,3362.3099609375,3438.560009765625,0.5501372881431932,1.483285953155035,37.308776694188296,3336.85009765625
2023-03-09,3011.237060546875,3336.85009765625,3385.0,3330.85009765625,3385.0,1648500,3390.39990234375,3352.539990234375,3429.397509765625,-1.579453935521924,1.3394156792631537,29.104464875870093,3331.0
2023-03-10,3005.9580078125,3331.0,3337.25,3290.0,3312.89990234375,1024404,3336.85009765625,3354.45,3418.9050048828126,-0.17531796409910871,0.9984105766366184,32.21117866568653,3281.949951171875
2023-03-13,2961.694091796875,3281.949951171875,3369.800048828125,3272.0,3333.0,1901233,3331.0,3342.410009765625,3406.125,-1.4725322374099403,1.134280290336332,30.002900494034975,3214.949951171875
2023-03-14,2901.23193359375,3214.949951171875,3304.39990234375,3209.39990234375,3280.0,2670334,3281.949951171875,3311.02998046875,3392.7525024414062,-2.0414692788376154,1.0852309413497325,28.310190471532906,3198.89990234375
2023-03-15,2886.747802734375,3198.89990234375,3260.35009765625,3192.0,3250.0,1780522,3214.949951171875,3272.72998046875,3377.692492675781,-0.49923168546603947,0.7836795958154115,30.161503342923695,3185.0
2023-03-16,2874.204345703125,3185.0,3219.800048828125,3172.0,3208.0,1901060,3198.89990234375,3242.3599609375,3360.9099975585937,-0.434521328209303,0.7953247133452153,27.673672770345192,3179.300048828125
2023-03-17,2869.06103515625,3179.300048828125,3221.39990234375,3144.0,3150.5,6739966,3185.0,3212.019970703125,3341.9724975585937,-0.17896236018445366,0.7944675508183408,28.09310388526177,3143.300048828125
2023-03-20,2836.573486328125,3143.300048828125,3169.64990234375,3095.050048828125,3169.64990234375,2289468,3179.300048828125,3184.289990234375,3324.0800048828123,-1.132324708178123,0.7491648930339919,30.03280892485489,3106.10009765625
2023-03-21,2803.003662109375,3106.10009765625,3156.75,3097.449951171875,3143.300048828125,1815297,3143.300048828125,3162.52001953125,3305.0200073242186,-1.1834680302233225,0.44774178801735576,28.918102916047616,3130.800048828125
2023-03-22,2825.293212890625,3130.800048828125,3143.5,3106.10009765625,3130.050048828125,1123939,3106.10009765625,3148.900048828125,3289.010009765625,0.7952078296032061,0.8101076889989562,21.178191856452727,3124.64990234375
2023-03-23,2819.743408203125,3124.64990234375,3146.35009765625,3101.0,3114.89990234375,1372218,3130.800048828125,3136.830029296875,3275.165002441406,-0.19644009162057552,0.816513003144894,24.38165531347707,3120.5
2023-03-24,2815.99853515625,3120.5,3170.0,3106.0,3148.89990234375,1329577,3124.64990234375,3125.07001953125,3260.5,-0.13281175406681944,0.8195974291593664,19.847637038985468,3122.300048828125
2023-03-27,2817.623291015625,3122.300048828125,3152.75,3106.0,3135.0,1524217,3120.5,3120.87001953125,3246.5925048828126,0.05768462836484023,0.7080665248571102,13.263609604623326,3115.89990234375
2023-03-28,2811.84716796875,3115.89990234375,3149.550048828125,3110.14990234375,3127.0,1303530,3122.300048828125,3122.82998046875,3235.7949951171877,-0.20498178856247495,0.42238001985226126,8.091603053435108,3138.89990234375
2023-03-29,2832.602783203125,3138.89990234375,3150.0,3104.10009765625,3129.0,1740616,3115.89990234375,3124.449951171875,3227.0974853515627,0.7381495144532568,0.397728067301323,16.669462011266887,3205.89990234375
2023-03-31,2893.06494140625,3205.89990234375,3213.0,3152.0,3189.949951171875,2382581,3138.89990234375,3140.699951171875,3218.1074829101562,2.134505784971741,0.9772031917587226,32.53280319175772,3200.0
2023-04-03,2887.740966796875,3200.0,3224.949951171875,3173.75,3224.949951171875,1521830,3205.89990234375,3156.599951171875,3212.0349853515627,-0.18403264367164995,0.9859672485460296,36.9900041471743,3239.800048828125
2023-04-05,2923.656982421875,3239.800048828125,3264.35009765625,3185.5,3185.5,2655065,3200.0,3180.099951171875,3206.9174926757814,1.2437515258789,0.9931128142219834,54.31800133036489,3220.699951171875
2023-04-06,2906.4208984375,3220.699951171875,3257.35009765625,3215.0,3225.0,1703464,3239.800048828125,3201.0599609375,3199.3599853515625,-0.5895455697384366,1.094809215905593,53.74828837133548,3263.39990234375
2023-04-10,2944.95361328125,3263.39990234375,3272.0,3215.0,3220.0,2203187,3220.699951171875,3225.9599609375,3193.0099853515626,1.3257972434326915,1.1349531129522197,62.26531263893324,3213.800048828125
2023-04-11,2900.19384765625,3213.800048828125,3272.949951171875,3192.14990234375,3264.0,2348779,3263.39990234375,3227.539990234375,3186.8574829101562,-1.5198827909507107,1.2227926018945112,54.7455295735901,3241.64990234375
2023-04-12,2925.326416015625,3241.64990234375,3260.949951171875,3199.0,3227.949951171875,2417727,3213.800048828125,3235.869970703125,3182.3899780273437,0.8665708224685709,1.2610696780579989,63.83845420824135,3188.85009765625
2023-04-13,2877.678955078125,3188.85009765625,3230.0,3180.0,3210.0,4174070,3241.64990234375,3225.67998046875,3177.7349853515625,-1.6287941720457,1.3547442790466082,61.15380312094826,3139.5
2023-04-17,2833.14404296875,3139.5,3163.39990234375,3070.25,3134.10009765625,5505048,3188.85009765625,3209.439990234375,3173.9624877929687,-1.5475828635695854,1.4673799272815304,51.09958978682121,3130.75
2023-04-18,2825.248046875,3130.75,3156.85009765625,3110.60009765625,3154.949951171875,2617302,3139.5,3182.910009765625,3170.5549926757812,-0.278706800445927,1.0966843354337596,50.765959586174596,3089.60009765625
2023-04-19,2788.11376953125,3089.60009765625,3140.0,3071.5,3130.75,3298034,3130.75,3158.07001953125,3165.7849975585937,-1.314378418709572,1.0674366452598931,46.44991691808156,3104.800048828125
2023-04-20,2801.8310546875,3104.800048828125,3113.0,3078.0,3090.0,2419999,3089.60009765625,3130.700048828125,3162.0599975585938,0.49197147499462357,0.9268092765886221,48.04948559536404,3160.85009765625
2023-04-21,2852.411376953125,3160.85009765625,3164.449951171875,3100.800048828125,3110.0,1929184,3104.800048828125,3125.100048828125,3162.9375,1.8052708047747057,1.3746859660992101,54.51081177756108,3174.800048828125
2023-04-24,2864.999755859375,3174.800048828125,3180.949951171875,3126.14990234375,3151.10009765625,1640676,3160.85009765625,3132.16005859375,3166.3724975585938,0.44133542372726264,1.144405202372032,53.66927492849697,3176.0
2023-04-25,2866.082275390625,3176.0,3191.199951171875,3147.5,3183.0,2024090,3174.800048828125,3141.21005859375,3168.6324951171873,0.03779611797340987,1.1177375172174366,46.46906663652865,3198.14990234375
2023-04-26,2886.070556640625,3198.14990234375,3208.39990234375,3181.0,3181.0,2000029,3176.0,3162.92001953125,3172.3074951171875,0.6974150612012009,0.6652424446896998,49.78959398135499,3187.949951171875
2023-04-27,2876.86669921875,3187.949951171875,3199.199951171875,3170.64990234375,3185.0,2434446,3198.14990234375,3179.55,3175.6799926757812,-0.3189328669178426,0.8101116137685286,43.67757784469999,3219.25
2023-04-28,2905.112060546875,3219.25,3227.25,3196.25,3200.39990234375,2931312,3187.949951171875,3191.22998046875,3180.527490234375,0.9818237208090164,0.5175865220457508,49.82830625376908,3219.39990234375
2023-05-02,2905.247802734375,3219.39990234375,3235.0,3210.0,3235.0,2321159,3219.25,3200.149951171875,3185.702490234375,0.004656436864181046,0.5385136311830967,44.20594014588028,3179.89990234375
2023-05-03,2869.6015625,3179.89990234375,3216.0,3173.14990234375,3216.0,2468285,3219.39990234375,3200.929931640625,3187.752490234375,-1.22693673349632,0.8737375143701,45.41393334606003,3220.699951171875
2023-05-04,2906.4208984375,3220.699951171875,3224.449951171875,3178.0,3180.14990234375,1953253,3179.89990234375,3205.43994140625,3188.4924926757812,1.2830607906259228,1.0139768699583642,47.26179908010796,3230.699951171875
2023-05-05,2915.445068359375,3230.699951171875,3244.0,3210.050048828125,3220.0,1710027,3220.699951171875,3213.98994140625,3190.027490234375,0.31049151276452136,0.9805418924628297,56.15892326541464,3250.60009765625
2023-05-08,2933.4033203125,3250.60009765625,3254.85009765625,3231.300048828125,3245.0,928235,3230.699951171875,3220.2599609375,3190.567492675781,0.6159701236617909,0.926355114248299,67.9020572971578,3283.25
2023-05-09,2962.86669921875,3283.25,3298.0,3246.0,3252.60009765625,1107375,3250.60009765625,3233.02998046875,3193.6949951171873,1.0044269169650066,0.9806467918976896,72.81569923485004,3286.800048828125
2023-05-10,2966.0703125,3286.800048828125,3306.5,3266.050048828125,3290.0,1559987,3283.25,3254.410009765625,3194.8650024414064,0.10812605887839943,0.4835795810442844,83.2434336757834,3282.14990234375
2023-05-11,2961.874267578125,3282.14990234375,3309.699951171875,3272.0,3309.0,1719623,3286.800048828125,3266.7,3198.2824951171874,-0.14147944551823333,0.4461718672685231,80.99979430910477,3274.300048828125
2023-05-12,2954.790283203125,3274.300048828125,3290.0,3260.0,3279.14990234375,1027479,3282.14990234375,3275.42001953125,3199.915002441406,-0.23916803769442607,0.5276949681719175,73.84906895988946,3255.050048828125
2023-05-15,2937.4189453125,3255.050048828125,3292.0,3248.35009765625,3284.0,1150390,3274.300048828125,3276.310009765625,3203.225,-0.5879119113378017,0.5998491570997817,66.50216578877084,3258.14990234375
2023-05-16,2940.216064453125,3258.14990234375,3285.0,3250.449951171875,3256.199951171875,986306,3255.050048828125,3271.289990234375,3209.1574951171874,0.09523213066235936,0.28570615400310895,66.76187876348479,3208.699951171875
2023-05-17,2895.591552734375,3208.699951171875,3280.0,3198.25,3255.949951171875,1588815,3258.14990234375,3255.669970703125,3213.0549926757812,-1.5177310023796964,0.6308729719620748,51.936855976226866,3199.85009765625
2023-05-18,2887.60546875,3199.85009765625,3228.949951171875,3195.0,3225.949951171875,1369364,3208.699951171875,3239.210009765625,3218.567492675781,-0.27580807337229674,0.6156241995688718,52.195600960347385,3222.85009765625
2023-05-19,2908.360595703125,3222.85009765625,3234.5,3203.050048828125,3210.0,1152449,3199.85009765625,3228.92001953125,3224.4699951171874,0.7187836710490503,0.8305971371277805,50.68521158567979,3298.699951171875
2023-05-22,2976.81005859375,3298.699951171875,3308.449951171875,3217.050048828125,3230.0,1333243,3222.85009765625,3237.65,3231.3624877929688,2.353502372660321,1.420097383881472,61.71692212238066,3297.050048828125
2023-05-23,2975.320556640625,3297.050048828125,3327.949951171875,3290.10009765625,3306.0,1687418,3298.699951171875,3245.430029296875,3237.474987792969,-0.05001674502598252,1.4261615402401193,69.4893225382214,3303.35009765625
2023-05-24,2981.005859375,3303.35009765625,3317.199951171875,3276.0,3276.0,1016555,3297.050048828125,3264.36005859375,3243.842492675781,0.19108138289753995,1.0541437202638224,65.53284777364121,3293.5
2023-05-25,2972.116943359375,3293.5,3306.0,3267.10009765625,3294.0,1374917,3303.35009765625,3283.0900390625,3248.609997558594,-0.29818509588913633,1.058762653592339,61.808975094686105,3328.89990234375
2023-05-26,3004.062255859375,3328.89990234375,3338.64990234375,3291.0,3293.5,1791115,3293.5,3304.3,3255.6574951171874,1.0748414253453742,1.0818970839251583,63.91257422272196,3320.35009765625
2023-05-29,2996.346923828125,3320.35009765625,3372.0,3312.0,3360.800048828125,1210372,3328.89990234375,3308.630029296875,3260.7125,-0.2568357396832588,0.5616544647460702,57.209521225014186,3316.199951171875
2023-05-30,2992.60205078125,3316.199951171875,3326.949951171875,3301.35009765625,3315.0,1344224,3320.35009765625,3312.460009765625,3265.5525024414064,-0.12499123171693105,0.5686914061797264,55.69987769274753,3289.5
2023-05-31,2968.507568359375,3289.5,3327.699951171875,3265.14990234375,3309.0,5815424,3316.199951171875,3309.689990234375,3271.032507324219,-0.8051369508777606,0.6964841871422722,51.312755522067334,3324.0
2023-06-01,2999.640625,3324.0,3340.0,3297.5,3314.0,1177314,3289.5,3315.789990234375,3276.197509765625,1.0487916096671324,0.8380947201316102,58.1050316483667,3305.60009765625
2023-06-02,2983.0361328125,3305.60009765625,3335.89990234375,3297.449951171875,3326.25,2030661,3324.0,3311.130029296875,3279.942517089844,-0.5535470019178645,0.7142331406262755,58.266585432654956,3288.89990234375
2023-06-05,2967.965576171875,3288.89990234375,3327.0,3285.050048828125,3315.0,1861468,3305.60009765625,3304.839990234375,3281.8575073242187,-0.505209184993094,0.7329269886381041,54.81447277486591,3232.300048828125
2023-06-06,2916.88916015625,3232.300048828125,3288.85009765625,3220.60009765625,3280.0,2022849,3288.89990234375,3288.060009765625,3279.310009765625,-1.7209357291564475,0.9981461245650983,53.61410918074807,3274.89990234375
2023-06-07,2955.33154296875,3274.89990234375,3278.85009765625,3241.0,3253.0,1567196,3232.300048828125,3285.139990234375,3278.7150024414063,1.317942420941698,1.2575869363799663,60.4163645259972,3236.449951171875
2023-06-08,2920.6337890625,3236.449951171875,3270.0,3233.0,3261.0,1759366,3274.89990234375,3267.62998046875,3276.4300048828127,-1.1740801953781133,1.1455552459887437,51.80993784380047,3209.300048828125
2023-06-09,2896.133056640625,3209.300048828125,3250.0,3205.35009765625,3245.0,1775689,3236.449951171875,3248.369970703125,3273.1800048828127,-0.8388791037512999,1.1542717987863327,36.33026974966216,3246.89990234375
2023-06-12,2930.06396484375,3246.89990234375,3254.39990234375,3211.0,3215.0,2324605,3209.300048828125,3239.969970703125,3272.772497558594,1.1715904696837143,1.4003313239569135,43.09130449113135,3243.699951171875
2023-06-13,2927.1767578125,3243.699951171875,3265.0,3239.0,3260.0,1371928,3246.89990234375,3242.249951171875,3272.05,-0.0985540444152666,1.137201834937032,41.711789397554725,3251.050048828125
2023-06-14,2933.80908203125,3251.050048828125,3255.85009765625,3225.85009765625,3243.699951171875,1658544,3243.699951171875,3237.47998046875,3274.1675048828124,0.2265961021947982,0.9238639457610511,44.06044122339027,3216.300048828125
2023-06-15,2924.0361328125,3216.300048828125,3247.449951171875,3210.0,3245.300048828125,2273810,3251.050048828125,3233.45,3274.9900024414064,-1.068885420958865,0.8952586512410876,34.216425137966695,3174.89990234375
2023-06-16,2886.39794921875,3174.89990234375,3199.39990234375,3156.0,3197.0,4156189,3216.300048828125,3226.569970703125,3272.592492675781,-1.2871978937244788,1.0012317076278734,31.3309885459728,3210.39990234375
2023-06-19,2918.671630859375,3210.39990234375,3214.89990234375,3175.0,3190.0,1468186,3174.89990234375,3219.269970703125,3268.177490234375,1.1181454877929653,0.982894801359908,37.431677982372435,3227.699951171875
2023-06-20,2934.400146484375,3227.699951171875,3232.5,3201.050048828125,3214.0,1528452,3210.39990234375,3216.069970703125,3264.7099853515624,0.5388751979307882,1.042440782647996,42.49087661072095,3258.199951171875
2023-06-21,2962.128662109375,3258.199951171875,3261.39990234375,3223.949951171875,3250.0,1645987,3227.699951171875,3217.499951171875,3262.4524780273437,0.9449453313938427,1.1424600967009275,41.92636953985906,3238.5
2023-06-22,2944.21875,3238.5,3267.64990234375,3230.10009765625,3260.0,1529603,3258.199951171875,3221.93994140625,3259.7024780273437,-0.6046268328249615,1.0434497333612216,41.79303697227259,3216.35009765625
2023-06-23,2924.081298828125,3216.35009765625,3249.39990234375,3209.14990234375,3237.300048828125,1119505,3238.5,3230.22998046875,3254.074987792969,-0.6839556073413577,0.8546828484713297,41.24322387412289,3189.64990234375
2023-06-26,2899.80712890625,3189.64990234375,3213.89990234375,3173.0,3205.0,1978803,3216.35009765625,3226.07998046875,3247.5399780273438,-0.8301395837460701,0.8101217169335896,44.45165048272341,3197.35009765625
2023-06-27,2906.80810546875,3197.35009765625,3209.64990234375,3182.300048828125,3202.0,863542,3189.64990234375,3220.010009765625,3241.5974853515627,0.24141192758622143,0.7582613657925197,38.9040261348044,3215.449951171875
2023-06-28,2923.2626953125,3215.449951171875,3230.949951171875,3193.39990234375,3208.0,1575872,3197.35009765625,3211.460009765625,3237.894982910156,0.5660891977044669,0.6239746104269427,46.80948134783983,3302.25
2023-06-30,3002.176025390625,3302.25,3310.0,3214.10009765625,3220.0,2672406,3215.449951171875,3224.210009765625,3236.807482910156,2.6994681971800105,1.416728871973507,61.954970134790656,3272.300048828125
2023-07-03,2974.947021484375,3272.300048828125,3318.800048828125,3268.75,3314.300048828125,1687264,3302.25,3235.4,3235.14248046875,-0.9069558989136195,1.46211108465052,53.332474902097196,3308.85009765625
2023-07-04,3008.17578125,3308.85009765625,3315.0,3277.300048828125,3290.0,1656681,3272.300048828125,3259.2400390625,3236.139990234375,1.1169528552619878,1.3203077544649722,57.859823549752036,3319.949951171875
2023-07-05,3018.26708984375,3319.949951171875,3329.0,3305.0,3320.0,1453008,3308.85009765625,3283.760009765625,3240.5224853515624,0.33545954600624484,1.3120123792111191,58.2376697949967,3322.89990234375
2023-07-06,3020.949462890625,3322.89990234375,3328.449951171875,3302.0,3306.550048828125,1848238,3319.949951171875,3305.25,3242.9224853515625,0.08885529044899698,1.346745317085123,63.7939716748963,3329.25
2023-07-07,3026.72265625,3329.25,3356.89990234375,3302.0,3302.0,1789326,3322.89990234375,3310.65,3247.5624877929686,0.19110108167179618,0.7229867553845222,71.96528458165697,3271.949951171875
2023-07-10,2974.62890625,3271.949951171875,3324.75,3265.199951171875,3324.75,1407431,3329.25,3310.57998046875,3250.6949829101563,-1.7211098243786083,1.0448355550907875,58.24735691624635,3272.39990234375
2023-07-11,2975.037841796875,3272.39990234375,3295.0,3260.800048828125,3295.0,1110172,3271.949951171875,3303.28994140625,3251.9699829101564,0.013751774281067775,0.848659031651931,56.272796105262074,3259.89990234375
2023-07-12,2963.673828125,3259.89990234375,3289.14990234375,3250.10009765625,3280.949951171875,1515240,3272.39990234375,3291.279931640625,3252.77998046875,-0.3819826541079929,0.7902467084281265,50.25124902845323,3340.550048828125
2023-07-13,3036.995361328125,3340.550048828125,3367.449951171875,3272.75,3284.0,4585146,3259.89990234375,3294.8099609375,3257.25498046875,2.4740068376452484,1.5165130040523815,62.78021119909205,3514.64990234375
2023-07-14,3195.27490234375,3514.64990234375,3524.85009765625,3352.0,3365.0,6306101,3340.550048828125,3331.88994140625,3272.172473144531,5.2117121722723425,2.744407151740883,77.05911638133406,3491.699951171875
2023-07-17,3174.409912109375,3491.699951171875,3549.89990234375,3477.050048828125,3510.0,2743228,3514.64990234375,3375.83994140625,3288.0124755859374,-0.6529797222924238,2.4985996834659594,77.58700116618466,3496.85009765625
2023-07-18,3179.0927734375,3496.85009765625,3524.0,3465.0,3476.0,2600090,3491.699951171875,3420.72998046875,3302.3349853515624,0.14749682264785235,2.4816049326459506,77.48211173389608,3470.050048828125
2023-07-19,3154.727783203125,3470.050048828125,3516.85009765625,3445.64990234375,3500.0,2405370,3496.85009765625,3462.760009765625,3314.452490234375,-0.766405424301364,2.553953987960611,72.99494696028216,3463.300048828125
2023-07-20,3156.779052734375,3463.300048828125,3478.89990234375,3436.050048828125,3453.10009765625,1715404,3470.050048828125,3487.310009765625,3324.7074951171876,-0.19452169003382203,2.521400399973094,67.00454357746018,3368.300048828125
2023-07-21,3070.18701171875,3368.300048828125,3434.89990234375,3359.050048828125,3404.050048828125,3770223,3463.300048828125,3458.0400390625,3331.1974975585936,-2.7430484988485215,1.124028543398596,58.911992442792865,3394.75
2023-07-24,3094.2958984375,3394.75,3413.449951171875,3372.10009765625,3381.0,1680132,3368.300048828125,3438.650048828125,3340.1174926757812,0.7852611343540206,1.3464761352841212,58.1267646493614,3399.14990234375
2023-07-25,3098.306396484375,3399.14990234375,3406.800048828125,3380.199951171875,3397.5,1272980,3394.75,3419.110009765625,3350.592492675781,0.12960902404448582,1.344167282184911,57.58910921431924,3388.300048828125
2023-07-26,3088.417236328125,3388.300048828125,3420.85009765625,3385.0,3400.35009765625,1066803,3399.14990234375,3402.760009765625,3360.139990234375,-0.319193146149388,1.3416947154220602,56.17332004087294,3396.89990234375
2023-07-27,3096.25537109375,3396.89990234375,3411.64990234375,3385.050048828125,3394.949951171875,1701769,3388.300048828125,3389.47998046875,3369.2124877929687,0.25381027039206305,1.3790338753341174,56.35867465002437,3355.39990234375
2023-07-28,3058.428466796875,3355.39990234375,3393.699951171875,3331.0,3385.0,2599831,3396.89990234375,3386.899951171875,3371.869982910156,-1.2217021753089141,0.7524268878163072,58.08389096511173,3421.449951171875
2023-07-31,3118.632080078125,3421.449951171875,3426.64990234375,3360.89990234375,3364.39990234375,2743678,3355.39990234375,3392.23994140625,3379.3274780273437,1.9684702494623396,1.1639363620303114,62.810495176568196,3452.050048828125
2023-08-01,3146.5244140625,3452.050048828125,3460.0,3415.0,3415.0,1956167,3421.449951171875,3402.819970703125,3386.4874755859373,0.8943605223793893,1.207996386041815,66.01652024737635,3440.64990234375
2023-08-02,3136.13330078125,3440.64990234375,3446.39990234375,3413.60009765625,3434.949951171875,1914899,3452.050048828125,3413.28994140625,3392.5224731445314,-0.3302427926340501,1.2094562070024035,59.43270647856269,3399.949951171875
2023-08-03,3099.035400390625,3399.949951171875,3433.25,3368.0,3420.0,2026351,3440.64990234375,3413.899951171875,3396.3749755859376,-1.182914633196197,1.3849534360018927,35.561434381667084,3443.550048828125
2023-08-04,3138.776611328125,3443.550048828125,3471.0,3401.25,3401.25,2248493,3399.949951171875,3431.52998046875,3402.089978027344,1.2823746902868915,1.269059954428615,44.238376081060395,3484.050048828125
2023-08-07,3175.692626953125,3484.050048828125,3488.0,3441.25,3453.949951171875,1853889,3443.550048828125,3444.05,3412.6949829101563,1.1761118446291352,1.0792428369982807,48.58781440785388,3470.60009765625
2023-08-08,3163.432861328125,3470.60009765625,3489.949951171875,3456.60009765625,3484.050048828125,1634225,3484.050048828125,3447.760009765625,3422.6049926757814,-0.3860435695061004,1.075004746906051,50.06252688545063,3462.5
2023-08-09,3156.0498046875,3462.5,3467.0,3425.050048828125,3464.89990234375,1794589,3470.60009765625,3452.130029296875,3432.734997558594,-0.23339184660658985,1.065881011284266,49.90933262503769,3442.10009765625
2023-08-10,3137.455078125,3442.10009765625,3464.89990234375,3430.050048828125,3450.0,1096701,3462.5,3460.56005859375,3437.8125,-0.5891668546931461,0.9035901666297229,60.06547712995465,3448.800048828125
2023-08-11,3143.56201171875,3448.800048828125,3466.64990234375,3414.0,3438.10009765625,1679974,3442.10009765625,3461.61005859375,3434.5200073242186,0.19464719159205668,0.7011573666528179,57.79156287371621,3449.85009765625
2023-08-14,3144.51953125,3449.85009765625,3455.0,3411.0,3440.699951171875,1190425,3448.800048828125,3454.770068359375,3432.4275146484374,0.03044678767276654,0.31463303960992034,57.37994109352256,3458.39990234375
2023-08-16,3152.312744140625,3458.39990234375,3466.0,3435.199951171875,3450.0,1328445,3449.85009765625,3452.330029296875,3430.5050048828125,0.24783119397879805,0.34546181146634963,60.27254741316084,3435.75
2023-08-17,3131.66650390625,3435.75,3460.800048828125,3413.199951171875,3455.0,1843241,3458.39990234375,3446.980029296875,3428.790002441406,-0.6549243286873896,0.43512610032056703,55.467994040288524,3367.10009765625
2023-08-18,3069.093505859375,3367.10009765625,3410.0,3356.5,3410.0,2526749,3435.75,3431.980029296875,3423.9800048828124,-1.9981052854180281,0.9448563872478473,51.52983764388914,3401.64990234375
2023-08-21,3100.58544921875,3401.64990234375,3409.75,3372.0,3375.0,1375579,3367.10009765625,3422.55,3425.647497558594,1.0260997203958677,1.137190194704425,47.17867367988951,3382.14990234375
2023-08-22,3082.810791015625,3382.14990234375,3411.0,3365.050048828125,3400.0,1222012,3401.64990234375,3409.0099609375,3425.0174926757813,-0.573251232778671,1.1293731080687917,39.71450310708505,3398.25
2023-08-23,3097.486083984375,3398.25,3402.0,3376.0,3388.0,1330046,3382.14990234375,3396.97998046875,3424.9724975585937,0.4760314628601492,1.1656452892192182,43.84615929755434,3387.75
2023-08-24,3087.9150390625,3387.75,3413.050048828125,3378.10009765625,3408.0,1152881,3398.25,3387.37998046875,3424.9449951171873,-0.3089825645552824,1.1528342378329477,48.059184182337496,3381.300048828125
2023-08-25,3082.035888671875,3381.300048828125,3385.800048828125,3350.25,3375.0,1158046,3387.75,3390.219970703125,3424.165002441406,-0.19039041168548154,0.6524812356667511,38.76959559691474,3375.550048828125
2023-08-28,3076.795166015625,3375.550048828125,3394.0,3360.10009765625,3394.0,1037485,3381.300048828125,3385.0,3425.172509765625,-0.170052935763354,0.3867526807326444,27.61958286499312,3376.14990234375
2023-08-29,3077.342041015625,3376.14990234375,3389.550048828125,3365.0,3381.050048828125,944517,3375.550048828125,3383.8,3422.907507324219,0.017770541302830622,0.30878379547529833,29.427036248423263,3390.949951171875
2023-08-30,3090.831787109375,3390.949951171875,3408.10009765625,3383.050048828125,3398.0,1188200,3376.14990234375,3382.339990234375,3419.852502441406,0.4383706072366822,0.2932674710842712,34.85708557710889,3356.800048828125
2023-08-31,3059.70458984375,3356.800048828125,3417.39990234375,3343.64990234375,3401.0,3417652,3390.949951171875,3376.15,3415.660009765625,-1.0070895423256898,0.5257740618160563,32.93994025373121,3379.199951171875
2023-09-01,3080.121826171875,3379.199951171875,3389.0,3356.800048828125,3366.0,1277950,3356.800048828125,3375.72998046875,3414.622509765625,0.6672992736511008,0.6481403141111634,36.902464752495625,3418.5
2023-09-04,3115.943603515625,3418.5,3432.85009765625,3370.050048828125,3378.0,1828332,3379.199951171875,3384.319970703125,3413.370007324219,1.16299862085687,0.8181107827519202,44.84287247304366,3429.35009765625
2023-09-05,3125.833984375,3429.35009765625,3447.0,3405.14990234375,3420.0,1501842,3418.5,3394.960009765625,3410.635009765625,0.3173935251206572,0.8072112605574415,45.257167182983395,3429.89990234375
2023-09-06,3126.334716796875,3429.89990234375,3443.89990234375,3398.10009765625,3434.0,1314818,3429.35009765625,3402.75,3408.6,0.01603232892073425,0.8132525141291929,48.97059480563222,3455.25
2023-09-07,3149.441162109375,3455.25,3460.0,3422.300048828125,3430.800048828125,1885092,3429.89990234375,3422.439990234375,3408.2375,0.7390914714137109,0.43584365343435005,68.29978104853424,3441.89990234375
2023-09-08,3137.27294921875,3441.89990234375,3465.0,3435.050048828125,3455.25,1518917,3455.25,3434.97998046875,3408.227490234375,-0.38637139588307834,0.6052341328921886,59.16230773847764,3480.64990234375
2023-09-11,3172.593505859375,3480.64990234375,3485.699951171875,3445.0,3462.0,1783604,3441.89990234375,3447.4099609375,3409.8199829101563,1.1258316946873848,0.5931650627421396,70.61532864468685,3580.800048828125
2023-09-12,3263.879638671875,3580.800048828125,3589.89990234375,3483.0,3492.0,4476016,3480.64990234375,3477.699951171875,3416.36748046875,2.877340419010177,1.2668500490781944,78.26290082499057,3567.85009765625
2023-09-13,3252.07568359375,3567.85009765625,3588.85009765625,3545.0,3571.10009765625,1754929,3580.800048828125,3505.289990234375,3421.839990234375,-0.36164965916243297,1.3399738568793513,77.673655763116,3560.050048828125
2023-09-14,3244.966064453125,3560.050048828125,3597.699951171875,3545.60009765625,3570.050048828125,2604721,3567.85009765625,3526.25,3428.0549926757812,-0.2186204188693086,1.4168935603495376,77.35271614384085,3598.300048828125
2023-09-15,3279.83056640625,3598.300048828125,3607.35009765625,3562.449951171875,3567.85009765625,2952897,3560.050048828125,3557.530029296875,3439.614990234375,1.0744230972986157,1.3071312651032057,81.00208768267223,3606.14990234375
2023-09-18,3286.9853515625,3606.14990234375,3619.300048828125,3575.25,3580.050048828125,1395753,3598.300048828125,3582.630029296875,3449.839990234375,0.21815450098947586,1.3306516414076186,81.37789904502046,3606.050048828125
2023-09-20,3286.89501953125,3606.050048828125,3625.0,3580.0,3580.0,1649396,3606.14990234375,3587.680029296875,3461.0349975585937,-0.002768978504197328,0.5656590007736964,80.57137820859808,3585.300048828125
2023-09-21,3267.981201171875,3585.300048828125,3605.0,3528.0,3588.550048828125,2004073,3606.050048828125,3591.17001953125,3470.3875,-0.5754218526929034,0.6188158828056125,83.76183007403581,3603.64990234375
2023-09-22,3284.706787109375,3603.64990234375,3633.75,3565.050048828125,3584.0,1989083,3585.300048828125,3599.889990234375,3481.1824951171875,0.5118080290552829,0.6112141762703542,83.5651337680915,3577.14990234375
2023-09-25,3260.552490234375,3577.14990234375,3620.0,3558.64990234375,3602.5,1238778,3603.64990234375,3595.6599609375,3490.974987792969,-0.735365552096634,0.5275658629039298,74.66956907312303,3585.699951171875
2023-09-26,3268.345703125,3585.699951171875,3594.949951171875,3536.0,3567.60009765625,1726062,3577.14990234375,3591.569970703125,3501.4824829101562,0.239018466140406,0.5309483900010074,74.48707487571187,3589.300048828125
2023-09-27,3271.627197265625,3589.300048828125,3614.0,3555.699951171875,3590.0,1541134,3585.699951171875,3588.219970703125,3512.139990234375,0.10040153122887752,0.5382359130885177,74.72853278551307,3536.75
2023-09-28,3223.728271484375,3536.75,3602.800048828125,3527.35009765625,3600.0,1755753,3589.300048828125,3578.5099609375,3519.4299926757812,-1.4640751152939169,0.8139257838734177,61.659513590844064,3528.60009765625
2023-09-29,3216.29931640625,3528.60009765625,3568.449951171875,3505.550048828125,3537.199951171875,2243791,3536.75,3563.5,3528.0199951171876,-0.2304347874107604,0.6947280259947134,62.5907993748635,3513.85009765625
2023-10-03,3202.85498046875,3513.85009765625,3534.199951171875,3480.10009765625,3534.199951171875,1948148,3528.60009765625,3550.8400390625,3534.7525024414062,-0.4180127980441095,0.6726407824915636,55.18267492309146,3537.75
2023-10-04,3224.639404296875,3537.75,3548.0,3477.300048828125,3486.300048828125,1788138,3513.85009765625,3541.250048828125,3540.7150024414063,0.6801628322076425,0.7888647186183556,41.18006016244059,3589.35009765625
2023-10-05,3271.6728515625,3589.35009765625,3624.0,3551.199951171875,3554.0,2990768,3537.75,3541.26005859375,3548.7150024414063,1.4585569261889697,1.113690190524864,53.80262155659456,3621.39990234375
2023-10-06,3300.885986328125,3621.39990234375,3634.949951171875,3575.050048828125,3591.0,2075691,3589.35009765625,3558.1900390625,3558.290002441406,0.8929138650595192,0.7872777000364791,59.99347790640796,3638.35009765625
2023-10-09,3316.3359375,3638.35009765625,3679.0,3631.0,3645.050048828125,4233074,3621.39990234375,3580.1400390625,3567.4450073242188,0.4680564358973349,0.685888025410378,57.01034425877826,3628.89990234375
2023-10-10,3307.721923828125,3628.89990234375,3648.0,3601.35009765625,3640.050048828125,1848148,3638.35009765625,3603.15,3576.7950073242187,-0.2597384819725712,0.6273732176929807,53.95996518711924,3609.89990234375
2023-10-11,3290.40380859375,3609.89990234375,3650.0,3605.0,3650.0,2426417,3628.89990234375,3617.57998046875,3583.2575073242188,-0.5235746510320882,0.8148805481969728,50.62875251895748,3542.550048828125
2023-10-12,3229.0146484375,3542.550048828125,3588.64990234375,3538.10009765625,3575.0,4241281,3609.89990234375,3608.219970703125,3581.345007324219,-1.8656986436631606,1.061483366821806,43.94046775336641,3570.85009765625
2023-10-13,3254.8095703125,3570.85009765625,3577.0,3525.0,3530.0,2890357,3542.550048828125,3598.110009765625,3581.495007324219,0.7988609458739138,1.0365380574216625,45.47838612835045,3524.050048828125
2023-10-16,3212.152099609375,3524.050048828125,3574.64990234375,3519.10009765625,3566.0,1671104,3570.85009765625,3575.25,3579.6950073242188,-1.3106136507618271,1.0222801052084836,43.06790865959233,3507.050048828125
2023-10-17,3196.65673828125,3507.050048828125,3534.14990234375,3503.35009765625,3530.0,1672065,3524.050048828125,3550.880029296875,3575.1325073242188,-0.48239950524122666,1.0067328903305806,39.95403460190348,3487.25
2023-10-18,3178.60888671875,3487.25,3522.699951171875,3484.0,3511.0,1408245,3507.050048828125,3526.350048828125,3569.1875122070314,-0.5645784506195239,1.0053399025640997,37.48313355113236,3455.64990234375
2023-10-19,3157.955810546875,3455.64990234375,3476.85009765625,3451.89990234375,3469.5,1514545,3487.25,3508.97001953125,3561.6675048828124,-0.9061609479174115,0.7926749959792476,39.51382768365149,3494.550048828125
2023-10-20,3193.505126953125,3494.550048828125,3499.5,3444.050048828125,3450.39990234375,1481211,3455.64990234375,3493.710009765625,3557.1300048828125,1.1256969769417813,0.9277972930509696,45.92166571045754,3410.14990234375
2023-10-23,3116.37548828125,3410.14990234375,3478.949951171875,3401.300048828125,3473.0,1106272,3494.550048828125,3470.92998046875,3547.4550048828123,-2.415193524347381,1.2619431725697996,39.35536126353522,3390.10009765625
2023-10-25,3098.05322265625,3390.10009765625,3425.0,3377.199951171875,3390.5,1518537,3410.14990234375,3447.539990234375,3538.1025146484376,-0.5879449661060354,1.2593496469991996,34.723253682692786,3336.75
2023-10-26,3049.299072265625,3336.75,3373.699951171875,3330.0,3368.050048828125,1984471,3390.10009765625,3417.439990234375,3525.6550170898436,-1.5737027261564784,1.3178086888283291,23.958779036345206,3350.949951171875
2023-10-27,3062.27587890625,3350.949951171875,3362.0,3337.0,3350.0,1108851,3336.75,3396.5,3513.737512207031,0.4255623337641401,1.438127873615486,21.05323946444352,3378.550048828125
2023-10-30,3087.497802734375,3378.550048828125,3382.85009765625,3333.75,3350.0,910972,3350.949951171875,3373.3,3505.8275146484375,0.8236499517576545,1.350949573066804,22.812917875743906,3368.75
2023-10-31,3078.542236328125,3368.75,3399.0,3350.050048828125,3399.0,999811,3378.550048828125,3365.02001953125,3497.835009765625,-0.2900667057314732,0.9322899929883394,22.796226099104217,3330.64990234375
2023-11-01,3043.724365234375,3330.64990234375,3371.60009765625,3311.0,3355.0,1563475,3368.75,3353.12998046875,3488.675,-1.1309862012987004,1.0111783941085815,21.920590669983085,3360.10009765625
2023-11-02,3070.637451171875,3360.10009765625,3375.949951171875,3343.199951171875,3343.199951171875,1245384,3330.64990234375,3357.8,3479.7925048828124,0.8842176805126334,0.8519265983556247,30.140457007463723,3350.89990234375
2023-11-03,3062.2294921875,3350.89990234375,3387.89990234375,3344.300048828125,3382.0,1402598,3360.10009765625,3357.789990234375,3467.8699951171875,-0.2738071797003139,0.8512410298015949,25.019908299820102,3380.25
2023-11-06,3089.05126953125,3380.25,3392.300048828125,3359.0,3375.0,1099852,3350.89990234375,3358.12998046875,3455.8125,0.8758870306964761,0.8640611202088289,32.994359025587926,3370.449951171875
2023-11-07,3080.095458984375,3370.449951171875,3404.14990234375,3366.0,3378.0,1191144,3380.25,3358.469970703125,3442.4174926757814,-0.2899208291731403,0.8640483290765881,33.56595950659754,3381.550048828125
2023-11-08,3090.239501953125,3381.550048828125,3401.949951171875,3369.550048828125,3371.449951171875,992899,3370.449951171875,3368.65,3430.05,0.3293357805948416,0.5811509692376217,37.01159259768148,3347.449951171875
2023-11-09,3059.0771484375,3347.449951171875,3391.5,3342.050048828125,3390.10009765625,2112352,3381.550048828125,3366.119970703125,3416.9275024414064,-1.0084161749451925,0.7114494938036329,36.785582026910255,3333.449951171875
2023-11-10,3046.28271484375,3333.449951171875,3347.449951171875,3322.35009765625,3338.0,1338557,3347.449951171875,3362.62998046875,3406.4724975585937,-0.418228807128207,0.7244339891241044,29.050755722844897,3331.550048828125
2023-11-13,3044.547119140625,3331.550048828125,3356.0,3327.0,3356.0,1030990,3333.449951171875,3352.889990234375,3394.5074951171873,-0.05699507631972134,0.4925509789287738,36.98681077934833,3404.300048828125
2023-11-15,3111.02978515625,3404.300048828125,3413.0,3356.050048828125,3383.10009765625,2059802,3331.550048828125,3359.660009765625,3388.5199951171876,2.1836682305159894,1.2103736947366253,52.00167945183794,3497.85009765625
2023-11-16,3196.520751953125,3497.85009765625,3529.35009765625,3414.199951171875,3430.050048828125,3951984,3404.300048828125,3382.92001953125,3388.0599975585938,2.747996577455858,1.668620998883516,70.39753597186794,3502.449951171875
2023-11-17,3200.724365234375,3502.449951171875,3524.5,3492.550048828125,3497.85009765625,2021292,3497.85009765625,3413.92001953125,3388.8199951171873,0.13150516423523495,1.4409631891602,69.65996532741264,3519.60009765625
2023-11-20,3216.397216796875,3519.60009765625,3533.89990234375,3491.25,3491.25,1475621,3502.449951171875,3451.150048828125,3392.0175048828123,0.4896614290986978,1.2786085318187561,68.81415719404008,3510.199951171875
2023-11-21,3207.806640625,3510.199951171875,3539.050048828125,3501.0,3519.60009765625,1807236,3519.60009765625,3486.880029296875,3392.8,-0.2670799586190098,1.3285755619802266,68.88764864700985,3530.14990234375
2023-11-22,3226.038330078125,3530.14990234375,3532.64990234375,3481.10009765625,3500.0,1798051,3510.199951171875,3512.05,3398.8,0.5683423009909871,1.1735083189878215,77.9960093407738,3508.25
2023-11-23,3206.0244140625,3508.25,3544.0,3500.0,3530.0,2729804,3530.14990234375,3514.12998046875,3404.7074951171876,-0.6203674900380318,0.5044834482080268,71.24009963023686,3457.10009765625
2023-11-24,3159.28125,3457.10009765625,3504.550048828125,3453.0,3494.25,1989733,3508.25,3505.060009765625,3410.725,-1.4579890926744055,0.8386304846146283,63.59100873081932,3470.14990234375
2023-11-28,3171.206298828125,3470.14990234375,3481.25,3433.0,3457.10009765625,1689195,3457.10009765625,3495.169970703125,3416.6849975585938,0.37747835812873554,0.8148063695984716,62.00586615821412,3513.75
2023-11-29,3211.05078125,3513.75,3518.0,3475.800048828125,3481.0,1441634,3470.14990234375,3495.87998046875,3423.4449951171873,1.2564326868646836,1.066729102682242,67.55267834020242,3487.60009765625
2023-11-30,3187.15380859375,3487.60009765625,3516.64990234375,3481.0,3499.449951171875,3266235,3513.75,3487.37001953125,3429.3875,-0.7442163598363583,1.0610107908781208,62.528069698799804,3511.64990234375
2023-12-01,3209.131591796875,3511.64990234375,3516.949951171875,3490.050048828125,3500.0,1172141,3487.60009765625,3488.05,3438.4375,0.6895803421860691,1.1037755868860895,69.86933260067417,3512.449951171875
2023-12-04,3209.862548828125,3512.449951171875,3547.800048828125,3498.0,3544.64990234375,1625213,3511.64990234375,3499.119970703125,3446.0549926757812,0.022782704722112967,0.7479460713038624,72.37502731326576,3531.60009765625
2023-12-05,3227.36328125,3531.60009765625,3538.0,3502.800048828125,3538.0,1377656,3512.449951171875,3511.410009765625,3455.0900024414063,0.5452076684533402,0.7548747170047649,73.97245846388793,3604.10009765625
2023-12-06,3293.61767578125,3604.10009765625,3612.85009765625,3525.14990234375,3532.60009765625,1896572,3531.60009765625,3529.480029296875,3466.282507324219,2.052893815698864,1.0276668447537844,73.95685441306394,3614.89990234375
2023-12-07,3303.4873046875,3614.89990234375,3630.550048828125,3591.699951171875,3605.0,1967653,3604.10009765625,3554.939990234375,3478.5050048828125,0.29965329471628444,0.7859495012523192,67.50934565104018,3626.699951171875
2023-12-08,3314.270263671875,3626.699951171875,3645.0,3602.050048828125,3633.0,1641155,3614.89990234375,3577.95,3490.7625,0.3264280933608754,0.8062155074013035,68.19448039365699,3642.89990234375
2023-12-11,3329.074951171875,3642.89990234375,3653.0,3615.0,3622.89990234375,1102503,3626.699951171875,3604.039990234375,3505.5349975585937,0.4466857305534866,0.7437144444518333,68.1057241558315,3672.10009765625
2023-12-12,3355.759521484375,3672.10009765625,3698.39990234375,3631.0,3638.949951171875,2236866,3642.89990234375,3632.139990234375,3522.4675048828126,0.8015645802870841,0.7362292926500457,72.46743601888349,3593.550048828125
2023-12-13,3283.9765625,3593.550048828125,3650.0,3563.0,3643.550048828125,3850968,3672.10009765625,3630.02998046875,3535.5675048828125,-2.1391042384236836,1.1832294112647075,57.567462188478586,3667.25
2023-12-14,3351.327392578125,3667.25,3678.0,3627.60009765625,3630.0,3290396,3593.550048828125,3640.5,3548.7150024414063,2.0508953589197576,1.5238610176863219,66.88974919942365,3861.0
2023-12-15,3528.385986328125,3861.0,3895.949951171875,3666.699951171875,3666.699951171875,8531230,3667.25,3687.360009765625,3566.8724975585938,5.283250391983096,2.7034008875224824,82.92842254772546,3859.199951171875
2023-12-18,3526.741455078125,3859.199951171875,3929.0,3830.14990234375,3858.10009765625,2521612,3861.0,3730.62001953125,3584.709997558594,-0.04662131126974556,2.7504040141176342,82.31044076695957,3816.199951171875
2023-12-19,3487.445556640625,3816.199951171875,3855.10009765625,3790.0,3845.0,2004435,3859.199951171875,3759.439990234375,3599.539990234375,-1.114220577944991,2.9446299064305803,75.14340142372416,3780.050048828125
2023-12-20,3454.409912109375,3780.050048828125,3898.800048828125,3766.550048828125,3827.25,2586083,3816.199951171875,3796.739990234375,3613.0324951171874,-0.9472748494912864,2.6831707602118255,73.91446353142885,3787.5
2023-12-21,3461.2177734375,3787.5,3806.699951171875,3743.35009765625,3756.25,1517562,3780.050048828125,3820.789990234375,3625.9,0.19708604583648093,2.637147851254001,73.18652201143769,3824.0
2023-12-22,3494.573486328125,3824.0,3845.949951171875,3762.0,3800.0,2413058,3787.5,3813.389990234375,3641.6875,0.9636963696369572,0.8557242286185555,74.70462490702678,3795.550048828125
2023-12-26,3468.574951171875,3795.550048828125,3834.0,3790.14990234375,3819.85009765625,1285231,3824.0,3800.660009765625,3658.609997558594,-0.7439840787624163,0.8830171777085686,70.62592885827937,3811.199951171875
2023-12-27,3482.876220703125,3811.199951171875,3818.199951171875,3768.0,3799.0,1293976,3795.550048828125,3799.660009765625,3675.6625,0.41232238127335563,0.8039921048409112,67.76157291955877,3799.89990234375
2023-12-28,3472.54931640625,3799.89990234375,3838.0,3792.10009765625,3824.0,1682889,3811.199951171875,3803.62998046875,3689.9699951171874,-0.2964958273745322,0.656172153229784,65.85261353898886,3793.39990234375
2023-12-29,3466.609375,3793.39990234375,3822.60009765625,3765.39990234375,3792.0,1574996,3799.89990234375,3804.8099609375,3705.2599853515626,-0.17105713747856965,0.6640768445609768,64.41542418276009,3811.10009765625
2024-01-01,3482.78515625,3811.10009765625,3832.0,3773.0,3790.0,825907,3793.39990234375,3802.22998046875,3720.2324951171877,0.4666050447664105,0.5089908672423341,64.50751583944421,3783.199951171875
2024-01-02,3457.288330078125,3783.199951171875,3811.10009765625,3767.25,3811.10009765625,1344068,3811.10009765625,3799.7599609375,3733.7699951171876,-0.7320759300321944,0.5050409920842555,59.60406512609919,3691.75
2024-01-03,3373.716796875,3691.75,3771.85009765625,3687.050048828125,3767.0,1803075,3783.199951171875,3775.869970703125,3741.777490234375,-2.417264547266329,1.087328175988914,58.30373271290047,3666.800048828125
2024-01-04,3350.916015625,3666.800048828125,3719.0,3651.0,3701.75,3598144,3691.75,3749.25,3744.912487792969,-0.6758299227161868,1.0713522958267354,49.95853367142378,3737.89990234375
2024-01-05,3415.89111328125,3737.89990234375,3747.75,3674.85009765625,3675.0,1963127,3666.800048828125,3738.15,3751.0624877929686,1.939016378554581,1.6132521554223689,35.34173299765686,3678.300048828125
2024-01-08,3361.425048828125,3678.300048828125,3739.75,3672.39990234375,3737.89990234375,1067805,3737.89990234375,3711.589990234375,3753.6424926757813,-1.5944743056991562,1.6366908123340467,31.06552090349973,3689.89990234375
2024-01-09,3372.02587890625,3689.89990234375,3752.35009765625,3682.75,3709.949951171875,1370944,3678.300048828125,3692.92998046875,3755.9924926757812,0.3153590887540636,1.696865656395969,35.85030549062577,3713.050048828125
2024-01-10,3393.181640625,3713.050048828125,3729.25,3688.0,3690.0,1292227,3689.89990234375,3697.189990234375,3758.039990234375,0.6273922625833483,1.3395123922119838,42.26863256396791,3735.550048828125
2024-01-11,3413.74365234375,3735.550048828125,3773.0,3707.0,3724.0,1777909,3713.050048828125,3710.939990234375,3765.139990234375,0.6059708246351603,1.2694010370030726,44.20653862552622,3882.800048828125
2024-01-12,3548.30810546875,3882.800048828125,3905.25,3821.60009765625,3848.0,6813450,3735.550048828125,3739.92001953125,3775.9174926757814,3.941855900075386,1.9940489197200586,55.25845682648544,3903.800048828125
2024-01-15,3567.4990234375,3903.800048828125,3965.0,3885.0,3960.0,2801505,3882.800048828125,3785.02001953125,3778.0574951171875,0.5408468047778614,1.534226110365322,59.81147640379224,3861.300048828125
2024-01-16,3528.66064453125,3861.300048828125,3899.0,3855.550048828125,3899.0,1432672,3903.800048828125,3819.300048828125,3778.1625,-1.0886828082487976,1.8367267417771769,54.330172658275714,3884.60009765625
2024-01-17,3549.95361328125,3884.60009765625,3909.949951171875,3812.550048828125,3819.0,3458696,3861.300048828125,3853.61005859375,3781.5825073242186,0.603424974321709,1.837730161564131,57.17190476820491,3902.60009765625
2024-01-18,3566.402587890625,3902.60009765625,3908.800048828125,3862.0,3898.0,2239110,3884.60009765625,3887.020068359375,3787.710009765625,0.46336816010636994,1.8449278191872163,59.0697836638289,3943.050048828125
2024-01-19,3628.47119140625,3943.050048828125,3963.550048828125,3915.050048828125,3945.0,2941975,3902.60009765625,3899.070068359375,3795.487512207031,1.0364872177440754,0.81348042429058,60.56022430856105,3858.25
2024-01-23,3550.4365234375,3858.25,3933.89990234375,3842.75,3900.0,2618854,3943.050048828125,3889.96005859375,3797.2000122070312,-2.1506206560408136,1.3421463467982202,55.50503091470493,3841.800048828125
2024-01-24,3535.29931640625,3841.800048828125,3883.64990234375,3805.60009765625,3880.0,2657709,3858.25,3886.06005859375,3799.5125122070312,-0.42635783507742886,1.2664132153779297,62.36710898944277,3810.300048828125
2024-01-25,3506.3125,3810.300048828125,3861.0,3778.699951171875,3839.89990234375,2205154,3841.800048828125,3871.200048828125,3799.4675170898436,-0.8199281482545784,1.2296836467766785,61.70091883236067,3801.0
2024-01-29,3497.75390625,3801.0,3820.0,3780.85009765625,3800.800048828125,1646747,3810.300048828125,3850.880029296875,3799.5225219726562,-0.24407654801320566,1.1463454584768653,55.721808925612805,3800.550048828125
2024-01-30,3497.339599609375,3800.550048828125,3847.800048828125,3787.0,3807.449951171875,1411621,3801.0,3822.380029296875,3799.880029296875,-0.011837705126938047,0.8471017908165388,62.417470797359066,3815.949951171875
2024-01-31,3511.511474609375,3815.949951171875,3834.0,3796.449951171875,3811.199951171875,2459358,3800.550048828125,3813.92001953125,3800.122521972656,0.4052019351382663,0.4575161794949658,62.70537611334857,3854.14990234375
2024-02-01,3546.663818359375,3854.14990234375,3904.89990234375,3805.050048828125,3820.0,2363107,3815.949951171875,3816.389990234375,3803.67001953125,1.001060067890669,0.6849215476952634,63.80355057285409,3966.300048828125
2024-02-02,3649.866455078125,3966.300048828125,3984.39990234375,3872.0,3875.050048828125,2826510,3854.14990234375,3847.589990234375,3817.3975219726562,2.90985429539663,1.2645381816149295,69.20516021639617,3973.300048828125
2024-02-05,3656.30810546875,3973.300048828125,4022.0,3962.10009765625,3983.0,1691523,3966.300048828125,3882.05,3832.722521972656,0.17648689997793454,1.1884230900843082,59.82627578718784,4136.0
2024-02-06,3806.028076171875,4136.0,4149.89990234375,3990.0,3997.0,4474396,3973.300048828125,3949.139990234375,3852.6275268554687,4.094831731116333,1.709060318309215,69.27930670867843,4083.39990234375
2024-02-07,3757.6240234375,4083.39990234375,4155.0,4073.949951171875,4153.0,2124267,4136.0,4002.62998046875,3872.88251953125,-1.2717625158667811,2.140947644260794,68.13652097045393,4134.10009765625
2024-02-08,3804.279296875,4134.10009765625,4158.0,4086.050048828125,4090.0,2345173,4083.39990234375,4058.62001953125,3895.092529296875,1.241617194617639,2.1329322859040336,69.50132279372815,4133.7001953125
2024-02-09,3803.9111328125,4133.7001953125,4184.75,4100.0,4136.5498046875,2100596,4134.10009765625,4092.100048828125,3916.125036621094,-0.009673262240961211,2.023410655810043,68.57418914792933,4120.7001953125
2024-02-12,3791.948486328125,4120.7001953125,4159.60009765625,4105.5498046875,4130.0,1013716,4133.7001953125,4121.580078125,3935.3825439453126,-0.31448821602354515,2.0752910108056484,64.93736674704098,4149.5
2024-02-13,3818.45068359375,4149.5,4170.0,4081.5,4125.4501953125,1257415,4120.7001953125,4124.280078125,3948.7175415039064,0.698905606388478,0.9647161426885275,77.03518544538166,4100.10009765625
2024-02-14,3772.9921875,4100.10009765625,4114.89990234375,4049.5,4107.0,1391283,4149.5,4127.6201171875,3958.5325439453127,-1.1905025266598424,0.9367635557832693,72.59448171998737,4103.2001953125
2024-02-15,3775.844970703125,4103.2001953125,4146.2998046875,4083.0,4128.0,1091582,4100.10009765625,4121.44013671875,3970.627551269531,0.07561029200291447,0.6893683331464803,76.96061973611056,4128.2998046875
2024-02-16,3798.942138671875,4128.2998046875,4147.9501953125,4100.10009765625,4113.25,1307556,4103.2001953125,4120.36005859375,3982.812536621094,0.6117081346329156,0.7716460980609149,79.27550005197273,4103.7998046875
2024-02-19,3776.396728515625,4103.7998046875,4128.2998046875,4055.0,4123.0498046875,772291,4128.2998046875,4116.97998046875,3992.872521972656,-0.5934646503187868,0.8071910307236732,76.00548704426944,4030.64990234375
2024-02-20,3709.08251953125,4030.64990234375,4098.0,4010.0,4082.10009765625,1193648,4103.7998046875,4093.2099609375,3997.2525146484377,-1.782491978780143,0.9577039863902238,66.75250455763768,3991.5
2024-02-21,3673.0556640625,3991.5,4063.35009765625,3980.60009765625,4013.0,1885939,4030.64990234375,4071.48994140625,4003.9150146484376,-0.971304958066066,0.9270592621214807,60.70122338608373,4087.10009765625
2024-02-22,3761.029052734375,4087.10009765625,4094.949951171875,3971.0,3971.0,2982052,3991.5,4068.269921875,4016.1800170898437,2.395092011931599,1.624836996151053,59.660920713975266,4052.10009765625
2024-02-23,3728.821533203125,4052.10009765625,4130.0,4046.39990234375,4130.0,2538072,4087.10009765625,4053.02998046875,4028.27001953125,-0.8563528948084875,1.603789776458668,56.031851930757,4001.050048828125
2024-02-26,3681.843994140625,4001.050048828125,4050.0,3982.75,4036.0,1379284,4052.10009765625,4032.480029296875,4038.2725219726562,-1.2598417511367144,1.6547426282343323,37.5403877130287,4104.39990234375
2024-02-27,3776.948486328125,4104.39990234375,4124.0,3999.0,3999.0,2960475,4001.050048828125,4047.230029296875,4053.4650146484373,2.5830682509431657,1.933763340559806,51.77275234145268,4118.9501953125
2024-02-28,3790.33837890625,4118.9501953125,4154.89990234375,4089.0,4095.60009765625,1939225,4104.39990234375,4072.720068359375,4068.615026855469,0.3545047586723138,1.787860882556275,48.63796473027953,4095.10009765625
2024-02-29,3768.39111328125,4095.10009765625,4138.10009765625,4064.550048828125,4099.0,3772719,4118.9501953125,4074.320068359375,4080.6625366210938,-0.579033407186913,1.5363910799628664,46.67010665363684,4094.35009765625
2024-03-01,3767.70068359375,4094.35009765625,4140.0,4086.800048828125,4107.2001953125,2043265,4095.10009765625,4082.770068359375,4087.0650390625,-0.018314570635991068,1.4566473453079676,47.677790094428936,4080.699951171875
2024-03-04,3755.139404296875,4080.699951171875,4117.89990234375,4075.89990234375,4105.0,1749271,4094.35009765625,4098.700048828125,4092.4350341796876,-0.33338982155406427,1.2687790966114982,43.77036808115267,4012.10009765625
2024-03-05,3692.012939453125,4012.10009765625,4064.0,3980.0,4062.0,2070859,4080.699951171875,4080.240087890625,4086.2400390625,-1.681080558150938,0.7712613716261463,42.299613664699244,4064.300048828125
2024-03-06,3740.0478515625,4064.300048828125,4072.0,3958.449951171875,3994.050048828125,1744204,4012.10009765625,4069.31005859375,4085.285046386719,1.3010630318612604,1.074935443918408,46.86541806688551,4108.60009765625
2024-03-07,3780.814208984375,4108.60009765625,4124.0,4037.699951171875,4065.0,2688905,4064.300048828125,4072.01005859375,4084.010046386719,1.0899797823956892,1.2033980263302637,48.460239095157185,4122.35009765625
2024-03-11,3793.466796875,4122.35009765625,4153.0,4089.0,4089.0,2304068,4108.60009765625,4077.61005859375,4083.4425415039063,0.3346638678182412,1.2071485041076617,51.47470285461419,4192.25
2024-03-12,3857.790283203125,4192.25,4229.9501953125,4121.0498046875,4122.35009765625,4039801,4122.35009765625,4099.920068359375,4087.0200317382814,1.6956323623141811,1.3409155902004304,62.91354061153364,4149.0
2024-03-13,3817.990478515625,4149.0,4241.0,4131.89990234375,4205.0,2837260,4192.25,4127.300048828125,4086.9950317382813,-1.0316655733794478,1.076376625389576,62.50396369756969,4207.60009765625
2024-03-14,3871.915771484375,4207.60009765625,4225.0,4086.0,4153.4501953125,2919608,4149.0,4155.96005859375,4092.3700317382813,1.412390881085801,1.0935040861829821,60.16362520643628,4219.25
2024-03-15,3882.6357421875,4219.25,4239.0,4177.0,4192.60009765625,3373143,4207.60009765625,4178.0900390625,4098.172521972656,0.27687760417725027,1.0814402106665089,64.67642857265352,4152.5
2024-03-18,3821.21142578125,4152.5,4254.75,4117.85009765625,4215.25,1526904,4219.25,4184.12001953125,4099.382531738282,-1.5820347218107433,1.4486973437115072,62.94111879504751,3977.300048828125
2024-03-19,3659.989013671875,3977.300048828125,4058.0,3966.60009765625,4051.25,8931209,4152.5,4141.130029296875,4093.0575439453123,-4.219143917444312,2.1300573976096717,40.32725979562799,3970.89990234375
2024-03-20,3654.09912109375,3970.89990234375,4018.0,3960.199951171875,3986.0,1817913,3977.300048828125,4105.510009765625,4090.0700439453126,-0.16091686334454014,2.1650636571867685,38.5913330749636,3972.949951171875
2024-03-21,3655.986083984375,3972.949951171875,4008.39990234375,3948.0,3990.050048828125,3829582,3970.89990234375,4058.57998046875,4089.142541503906,0.05162680698436173,1.8749506868061354,40.25993645063438,3910.89990234375
2024-03-22,3598.885986328125,3910.89990234375,3938.0,3855.0,3897.0,5852485,3972.949951171875,3996.9099609375,4080.3325317382814,-1.5618130001819552,1.7032931280682695,36.674644491434954,3877.5
2024-03-26,3568.151123046875,3877.5,3946.699951171875,3871.449951171875,3875.0,3440925,3910.89990234375,3941.9099609375,4071.6025268554686,-0.854020894877261,1.724914249987676,35.65174458354896,3840.89990234375
2024-03-27,3534.470703125,3840.89990234375,3895.0,3829.39990234375,3888.5,1968575,3877.5,3914.629931640625,4063.59501953125,-0.9439096752095422,0.6483243237281102,37.3391383978513,3876.300048828125
2024-03-28,3567.046875,3876.300048828125,3915.0,3840.5,3850.10009765625,4311783,3840.89990234375,3895.7099609375,4052.1900268554687,0.9216628234121282,0.9711683964703937,35.74246045353185,3916.75
2024-04-01,3604.26953125,3916.75,3933.300048828125,3888.050048828125,3897.699951171875,1569676,3876.300048828125,3884.469970703125,4042.0800170898438,1.0435196105137434,1.1841676819992215,35.36501331235539,3883.800048828125
2024-04-02,3573.94873046875,3883.800048828125,3909.85009765625,3873.0,3890.0,2142666,3916.75,3879.05,4031.5150146484375,-0.841257449974464,1.0217105867780103,32.32046268193838,3947.300048828125
2024-04-03,3632.382080078125,3947.300048828125,3981.0,3851.0,3851.0,3973090,3883.800048828125,3893.010009765625,4024.1625122070313,1.634996632207164,1.1780742153881587,31.672288688283047,4003.300048828125
2024-04-04,3683.91455078125,4003.300048828125,4028.64990234375,3935.25,3975.89990234375,3394637,3947.300048828125,3925.4900390625,4020.292517089844,1.4186912397659013,0.9799896199762086,39.30250374904504,3979.25
2024-04-05,3661.783203125,3979.25,4002.0,3960.5,3978.0,1636819,4003.300048828125,3946.080029296875,4018.650012207031,-0.6007555900079287,1.1654872231395368,32.338152319231384,3972.550048828125
2024-04-08,3655.61767578125,3972.550048828125,4032.64990234375,3960.0,3983.0,2302538,3979.25,3957.2400390625,4014.0625122070314,-0.1683722101369578,1.1582578411861701,30.7716401182074,3946.550048828125
2024-04-09,3631.69189453125,3946.550048828125,4015.85009765625,3925.050048828125,3984.0,1876992,3972.550048828125,3969.7900390625,4005.960009765625,-0.6544914395142709,1.1149091438740792,32.85893737201164,3984.64990234375
2024-04-10,3666.7529296875,3984.64990234375,3990.199951171875,3918.0,3956.39990234375,2101965,3946.550048828125,3977.260009765625,3999.075,0.9653964359818135,0.9457524403246358,50.79260769907604,4001.39990234375
2024-04-12,3682.166015625,4001.39990234375,4013.35009765625,3945.5,3971.0,4354821,3984.64990234375,3976.87998046875,3989.5324951171874,0.42036315386573264,0.693906390226225,53.21729957805907,3941.199951171875
2024-04-15,3626.768798828125,3941.199951171875,4064.199951171875,3919.050048828125,4001.39990234375,4200329,4001.39990234375,3969.269970703125,3979.1424926757813,-1.504472250739397,0.9554484900830398,47.01681801874215,3872.800048828125
2024-04-16,3563.825927734375,3872.800048828125,3928.699951171875,3862.85009765625,3902.0,3051420,3941.199951171875,3949.319970703125,3962.402490234375,-1.7355095704650103,1.1783204010443344,46.46240754048044,3862.0
2024-04-18,3553.887451171875,3862.0,3936.0,3850.0,3876.800048828125,3476284,3872.800048828125,3932.4099609375,3944.539990234375,-0.27886925975930676,1.1781211614578389,48.49777060146911,3826.199951171875
2024-04-19,3520.943359375,3826.199951171875,3852.550048828125,3800.89990234375,3838.0,2957749,3862.0,3900.719970703125,3928.224987792969,-0.9269821032657943,0.8871749396667505,48.57309693726897,3864.60009765625
2024-04-22,3556.280517578125,3864.60009765625,3878.0,3812.0,3837.0,1728883,3826.199951171875,3873.360009765625,3922.589990234375,1.0036105528832495,1.1011299786290445,48.870878741570415,3874.699951171875
2024-04-23,3565.57421875,3874.699951171875,3895.0,3860.60009765625,3877.050048828125,1807586,3864.60009765625,3860.060009765625,3917.779992675781,0.26134278477480954,1.0562342378148393,45.68938289327934,3831.050048828125
2024-04-24,3525.40673828125,3831.050048828125,3898.0,3824.449951171875,3890.0,1317312,3874.699951171875,3851.710009765625,3910.6849975585938,-1.126536322652505,0.873756108078115,44.7085935395391,3852.199951171875
2024-04-25,3544.869384765625,3852.199951171875,3873.64990234375,3811.0,3811.199951171875,2856271,3831.050048828125,3849.75,3907.75,0.5520654148128301,0.9350807320984714,39.57463504665493,3821.35009765625
2024-04-26,3516.480712890625,3821.35009765625,3876.800048828125,3802.550048828125,3855.14990234375,2039178,3852.199951171875,3848.780029296875,3904.9425048828125,-0.800837285360545,0.9066834095062654,28.889641728355755,3870.199951171875
2024-04-29,3561.43359375,3870.199951171875,3877.800048828125,3819.199951171875,3838.0,1110693,3821.35009765625,3849.9,3906.407507324219,1.2783401747352707,0.9889704882916965,38.03617947565527,3820.64990234375
2024-04-30,3515.836669921875,3820.64990234375,3881.75,3810.0,3872.0,2203078,3870.199951171875,3839.089990234375,3903.625,-1.280296869755304,1.1301706318841926,34.76731449377479,3863.300048828125
2024-05-02,3555.084228515625,3863.300048828125,3871.10009765625,3778.050048828125,3778.050048828125,2491044,3820.64990234375,3845.539990234375,3900.952502441406,1.1163060624374888,1.1527927612238824,41.92138972414571,3843.39990234375
2024-05-03,3536.771240234375,3843.39990234375,3893.60009765625,3797.60009765625,3890.14990234375,2962234,3863.300048828125,3843.77998046875,3898.9324951171875,-0.5151074530286959,1.163829971382417,35.79116230728576,3921.050048828125
2024-05-06,3608.226806640625,3921.050048828125,3939.949951171875,3853.0,3853.0,2053831,3843.39990234375,3863.719970703125,3897.6199951171875,2.020350430800155,1.368772410089392,42.79954650530354,3978.949951171875
2024-05-07,3661.507080078125,3978.949951171875,3988.0,3913.5,3930.800048828125,2062112,3921.050048828125,3885.469970703125,3896.402490234375,1.476642777386994,1.3986438392006717,53.39692312018496,3976.949951171875
2024-05-08,3659.666748046875,3976.949951171875,3984.300048828125,3938.60009765625,3961.0,1247685,3978.949951171875,3916.72998046875,3896.287487792969,-0.050264517637643724,1.060559770242549,60.64383263605007,3960.199951171875
2024-05-09,3644.25341796875,3960.199951171875,3971.0,3910.050048828125,3962.0,1726486,3976.949951171875,3936.1099609375,3895.6699829101562,-0.42117703782177385,1.1669485899527,59.915181831045004,3893.89990234375
2024-05-10,3583.242431640625,3893.89990234375,3973.60009765625,3885.050048828125,3962.60009765625,1672489,3960.199951171875,3946.2099609375,3893.0374755859375,-1.6741591244276988,1.4899465422424276,56.439029623358365,3947.800048828125
2024-05-13,3632.8427734375,3947.800048828125,3955.0,3870.0,3884.5,931326,3893.89990234375,3951.5599609375,3891.1949829101563,1.3842201349842709,1.3206953334027831,57.68661850317243,3901.199951171875
2024-05-14,3589.960205078125,3901.199951171875,3945.800048828125,3892.89990234375,3936.0,1058317,3947.800048828125,3936.0099609375,3886.1849853515623,-1.1804067348872627,1.1766523771592756,52.29357720622417,3880.39990234375
2024-05-15,3570.819580078125,3880.39990234375,3926.949951171875,3875.5,3904.5,1115021,3901.199951171875,3916.699951171875,3883.144982910156,-0.5331705395381414,1.1616870938138442,54.447131937939,3900.949951171875
2024-05-16,3615.8212890625,3900.949951171875,3909.5,3843.5,3891.10009765625,2599399,3880.39990234375,3904.849951171875,3884.5524780273436,0.5295858505643514,1.2492469772290964,54.39783103765731,3834.10009765625
2024-05-17,3553.857177734375,3834.10009765625,3920.0,3830.0,3919.0,2765804,3900.949951171875,3892.889990234375,3883.1574829101564,-1.7136813943368523,1.2602334660335155,51.080049932455516,3820.199951171875
2024-05-21,3540.972900390625,3820.199951171875,3844.75,3810.050048828125,3830.60009765625,1908117,3834.10009765625,3867.369970703125,3882.8574829101562,-0.36253999974784623,0.851532986174118,45.49793538130377,3832.0
2024-05-22,3551.91064453125,3832.0,3841.25,3817.550048828125,3835.0,1311168,3820.199951171875,3853.52998046875,3881.2274780273438,0.30888563370892186,0.880489871774465,51.09652019351966,3893.449951171875
2024-05-23,3608.869384765625,3893.449951171875,3905.0,3825.5,3840.949951171875,2095742,3832.0,3856.139990234375,3882.1649780273438,1.603599978389214,1.2235986184915142,52.81065250362786,3849.5
2024-05-24,3568.13134765625,3849.5,3883.800048828125,3844.300048828125,3878.25,1309452,3893.449951171875,3845.85,3883.0874755859377,-1.1288176738639355,1.2918177940112578,50.54426243791932,3847.050048828125
2024-05-27,3565.86083984375,3847.050048828125,3908.35009765625,3841.35009765625,3855.0,1841538,3849.5,3848.439990234375,3882.82998046875,-0.06364336074490273,1.0063671360826367,42.3742817176383,3839.89990234375
2024-05-28,3559.23291015625,3839.89990234375,3870.0,3830.0,3858.0,1801993,3847.050048828125,3852.37998046875,3883.757470703125,-0.18586050073752247,0.990290477227779,33.99701827863754,3803.64990234375
2024-05-29,3525.6328125,3803.64990234375,3848.89990234375,3800.0,3848.89990234375,1568095,3839.89990234375,3846.7099609375,3880.429968261719,-0.9440350249201646,1.0807678703237305,31.512706812230675,3736.10009765625
2024-05-30,3463.020263671875,3736.10009765625,3794.39990234375,3715.449951171875,3777.0,2919230,3803.64990234375,3815.239990234375,3876.2024780273437,-1.775920666249453,0.7068848986823942,28.431208065518945,3670.949951171875
2024-05-31,3402.632080078125,3670.949951171875,3749.800048828125,3653.75,3740.0,10956800,3736.10009765625,3779.52998046875,3866.5849731445314,-1.7438008827773466,0.8187746449004504,28.4942795254062,3702.85009765625
2024-06-03,3432.200439453125,3702.85009765625,3751.550048828125,3696.0,3732.800048828125,2156773,3670.949951171875,3750.689990234375,3859.557482910156,0.8689888696028492,1.1199323323396835,25.324893472913374,3715.0
2024-06-04,3443.46240234375,3715.0,3745.0,3591.5,3700.0,3395997,3702.85009765625,3725.710009765625,3849.25498046875,0.3281229869780633,1.2056689707420598,29.844133782043116,3746.449951171875
2024-06-05,3472.613525390625,3746.449951171875,3783.800048828125,3700.0,3716.0,2799670,3715.0,3714.27001953125,3837.62998046875,0.8465666533479244,1.3544811340113558,35.82690325563854,3830.39990234375
2024-06-06,3550.42724609375,3830.39990234375,3839.89990234375,3741.5,3781.0,4328036,3746.449951171875,3733.12998046875,3830.3024780273436,2.240786671809558,1.4448575068124425,43.41822415751093,3893.949951171875
2024-06-07,3609.33251953125,3893.949951171875,3915.0,3837.300048828125,3837.300048828125,4552445,3830.39990234375,3777.72998046875,3826.9899780273436,1.6590969728575766,0.7563106017756747,55.61812044084181,3858.699951171875
2024-06-10,3576.65869140625,3858.699951171875,3905.89990234375,3841.89990234375,3895.0,1734661,3893.949951171875,3808.899951171875,3825.22998046875,-0.9052504639766035,1.2186975950177945,53.474729241877256,3852.10009765625
2024-06-11,3570.541748046875,3852.10009765625,3879.949951171875,3841.0,3845.0,1419898,3858.699951171875,3836.319970703125,3820.4449829101563,-0.1710382667514887,1.2889063268611045,51.831277770561115,3831.64990234375
2024-06-12,3551.586181640625,3831.64990234375,3893.5,3827.449951171875,3874.39990234375,2177001,3852.10009765625,3853.3599609375,3816.96748046875,-0.5308843174906763,1.4011596935995478,43.914922913975296,3878.14990234375
2024-06-13,3594.687255859375,3878.14990234375,3890.0,3852.0,3856.800048828125,1932323,3831.64990234375,3862.9099609375,3816.85498046875,1.2135764275216454,1.122011913071608,52.80688712271467,3832.050048828125
2024-06-14,3551.956787109375,3832.050048828125,3889.0,3828.0,3889.0,1860730,3878.14990234375,3850.52998046875,3813.4099853515627,-1.188707365018682,0.9375001885632005,48.64620938628158,3815.10009765625
2024-06-18,3536.245849609375,3815.10009765625,3842.0,3795.050048828125,3826.050048828125,1774045,3832.050048828125,3841.810009765625,3812.4599853515624,-0.4423207149149455,0.8862749391191443,47.80065508347897,3801.699951171875
2024-06-19,3523.8251953125,3801.699951171875,3833.85009765625,3792.949951171875,3827.64990234375,1509050,3815.10009765625,3831.72998046875,3811.5349853515627,-0.35123970908672586,0.8872525940567056,49.81976602755479,3787.25
2024-06-20,3510.431640625,3787.25,3809.949951171875,3780.050048828125,3796.0,2846526,3801.699951171875,3822.85,3809.2974853515625,-0.3800918367432127,0.8782566723649553,55.24237902067525,3810.75
2024-06-21,3532.214111328125,3810.75,3877.800048828125,3798.050048828125,3827.0,4642195,3787.25,3809.37001953125,3805.162487792969,0.6205030034985848,0.6431801907194703,65.66562798370572,3816.800048828125
2024-06-24,3537.821533203125,3816.800048828125,3857.0,3791.300048828125,3808.75,1702154,3810.75,3806.32001953125,3803.527490234375,0.15876268000065696,0.45896845313442725,63.5541799549645,3838.449951171875
2024-06-25,3557.889404296875,3838.449951171875,3847.64990234375,3792.89990234375,3817.0,1338808,3816.800048828125,3810.989990234375,3803.0974853515627,0.5672265265872944,0.4806584305420107,64.35965956045018,3855.85009765625
2024-06-26,3574.017578125,3855.85009765625,3866.949951171875,3841.0,3844.5,1639845,3838.449951171875,3821.82001953125,3803.8949951171876,0.45331179787984066,0.4119527761188308,63.155379225267545,3934.14990234375
2024-06-27,3646.594482421875,3934.14990234375,3942.0,3818.10009765625,3831.0,4526556,3855.85009765625,3851.2,3810.4199951171877,2.0306755372853758,0.729142563715061,62.6478147876098,3904.14990234375
2024-06-28,3618.786865234375,3904.14990234375,3960.0,3897.85009765625,3917.800048828125,2731571,3934.14990234375,3869.87998046875,3818.8224853515626,-0.7625535565416008,1.0074222448578107,51.35421603017855,3978.199951171875
2024-07-01,3687.42431640625,3978.199951171875,4001.699951171875,3884.0,3884.0,2658723,3904.14990234375,3902.1599609375,3834.1849853515623,1.896700963855702,1.153949017359017,64.38372991011344,4017.39990234375
2024-07-02,3723.75927734375,4017.39990234375,4023.39990234375,3982.550048828125,3993.60009765625,2307449,3978.199951171875,3937.949951171875,3849.9124755859375,0.9853690526623105,1.1446178323221683,68.44863891601562,3965.25
2024-07-03,3675.4208984375,3965.25,4026.10009765625,3955.0,4020.0,1821198,4017.39990234375,3959.829931640625,3862.4249755859373,-1.2981008515812853,1.5273947443916924,63.92538870651704,4020.949951171875
2024-07-04,3727.049560546875,4020.949951171875,4047.35009765625,3982.10009765625,3999.85009765625,2518001,3965.25,3977.18994140625,3876.1499755859377,1.404702129042934,1.3979492568452287,64.60422874429536,4011.800048828125
2024-07-05,3718.56884765625,4011.800048828125,4026.75,3988.0,4010.0,1668616,4020.949951171875,3998.719970703125,3885.2199829101564,-0.22755573819274177,1.2993950900276903,69.88606223253633,3993.199951171875
2024-07-08,3701.328369140625,3993.199951171875,4031.25,3978.050048828125,4022.0,1758882,4011.800048828125,4001.719970703125,3890.182482910156,-0.4636347133422869,1.102703487042467,69.63182440814987,3985.5
2024-07-09,3694.191162109375,3985.5,4006.949951171875,3975.10009765625,3985.0,1305801,3993.199951171875,3995.339990234375,3896.5224853515624,-0.1928265868483603,0.9799616948054503,70.5179938700434,3909.14990234375
2024-07-10,3623.421142578125,3909.14990234375,4003.300048828125,3902.0,3983.699951171875,2669716,3985.5,3984.119970703125,3899.3749755859376,-1.9156968424601684,1.1787484634150345,61.95566389226776,3923.699951171875
2024-07-11,3636.90771484375,3923.699951171875,3980.0,3895.60009765625,3931.0,4872189,3909.14990234375,3964.669970703125,3903.9774780273438,0.37220493436185276,0.8564157609364459,61.27582951048535,4183.9501953125
2024-07-12,3878.13623046875,4183.9501953125,4199.9501953125,3971.300048828125,3980.0,13509164,3923.699951171875,3999.1,3919.2674926757813,6.632776394201523,3.3213065411578184,74.31296753468266,4169.2001953125
2024-07-15,3864.464111328125,4169.2001953125,4240.0,4157.0498046875,4235.7001953125,4848030,4183.9501953125,4034.300048828125,3936.125,-0.3525376572724337,3.3103691735266967,72.10453648207184,4178.4501953125
2024-07-16,3873.0380859375,4178.4501953125,4194.5498046875,4144.89990234375,4172.0,2029521,4169.2001953125,4072.890087890625,3954.2925048828124,0.22186509562194257,3.2809333305416923,71.79730389569256,4315.5498046875
2024-07-18,4000.116455078125,4315.5498046875,4325.0,4160.0,4160.0,5613364,4178.4501953125,4154.170068359375,3979.984997558594,3.2811114879100822,2.9344908678837496,73.87330968946333,4302.39990234375
2024-07-19,3997.190185546875,4302.39990234375,4358.75,4285.25,4317.39990234375,3903354,4315.5498046875,4229.91005859375,4005.7424926757812,-0.3047097806510468,3.0437377025954975,75.46519273675514,4287.35009765625
2024-07-22,3983.207763671875,4287.35009765625,4319.9501953125,4265.0,4299.9501953125,1896386,4302.39990234375,4250.5900390625,4029.5724975585936,-0.349800228456254,1.573886553639031,71.38117270661465,4302.35009765625
2024-07-23,3997.14404296875,4302.35009765625,4361.7001953125,4266.2998046875,4283.0,2365208,4287.35009765625,4277.22001953125,4053.85,0.3498664596623513,1.5088625407250813,70.3900103351481,4306.25
2024-07-24,4000.767822265625,4306.25,4339.10009765625,4268.10009765625,4287.5,1809793,4302.35009765625,4302.77998046875,4077.2400024414064,0.09064586226663618,1.5190528829638215,76.2106268995506,4322.5
2024-07-25,4015.86474609375,4322.5,4343.0,4274.2001953125,4295.0,2810342,4306.25,4304.17001953125,4100.572497558594,0.37735849056603765,0.34745270979685716,74.67476194224285,4387.85009765625
2024-07-26,4076.578857421875,4387.85009765625,4422.4501953125,4337.0498046875,4350.0,3552210,4322.5,4321.26005859375,4123.257507324219,1.5118588237420516,0.6886718836174158,78.17910726275176,4381.10009765625
2024-07-29,4070.3076171875,4381.10009765625,4431.0,4371.0,4415.0,1746803,4387.85009765625,4340.01005859375,4147.105017089843,-0.15383387877369037,0.6394333698792979,79.59264180483864,4365.35009765625
2024-07-30,4055.675048828125,4365.35009765625,4398.0,4327.2998046875,4391.10009765625,1797906,4381.10009765625,4352.61005859375,4166.4625244140625,-0.3594987480068257,0.7346929710865757,78.62689467118554,4385.35009765625
2024-07-31,4074.25634765625,4385.35009765625,4414.0,4345.0,4350.0,2330091,4365.35009765625,4368.430078125,4184.860034179687,0.458153402420991,0.7276994816679914,89.21928032557466,4397.10009765625
2024-08-01,4085.172607421875,4397.10009765625,4419.2998046875,4365.0498046875,4399.39990234375,2202244,4385.35009765625,4383.35009765625,4206.4525390625,0.2679375588799493,0.728947104064741,89.16932738259486,4283.0498046875
2024-08-02,3979.212890625,4283.0498046875,4398.0,4270.0,4365.0,2811282,4397.10009765625,4362.3900390625,4219.557531738281,-2.59376158003638,1.2276362582954667,60.81638221763655,4155.0498046875
2024-08-05,3860.293212890625,4155.0498046875,4239.0,4110.5,4239.0,2787771,4283.0498046875,4317.17998046875,4226.72001953125,-2.9885246690317,1.6301165910717195,48.76166970338186,4171.2001953125
2024-08-06,3875.2978515625,4171.2001953125,4258.25,4160.7998046875,4170.9501953125,2203067,4155.0498046875,4278.35,4235.620031738281,0.3886930694977364,1.7392484724241852,49.37310851707739,4200.4501953125
2024-08-07,3902.472412109375,4200.4501953125,4244.9501953125,4180.2998046875,4228.0,1237666,4171.2001953125,4241.37001953125,4246.367541503906,0.7012370212504004,1.7891577996735746,37.76578297245116,4172.5498046875
2024-08-08,3876.5517578125,4172.5498046875,4232.0,4160.0,4181.0,2441283,4200.4501953125,4196.4599609375,4259.537536621094,-0.6642238171550185,1.6900313876015458,36.61755514604127,4228.75
2024-08-09,3928.76513671875,4228.75,4253.64990234375,4205.5498046875,4217.0,1302536,4172.5498046875,4185.6,4274.7900390625,1.3469029237078045,1.6980684643108808,44.43283713637607,4195.64990234375
2024-08-12,3898.013427734375,4195.64990234375,4239.0,4186.35009765625,4230.0,936912,4228.75,4193.72001953125,4275.375024414063,-0.782739524830034,0.9103391122889168,40.200227098644405,4196.9501953125
2024-08-13,3899.220947265625,4196.9501953125,4234.0,4183.0,4213.0,1495593,4195.64990234375,4198.87001953125,4276.762524414063,0.03099145541252124,0.9056473469805741,39.91330287218032,4295.25
2024-08-14,3990.54736328125,4295.25,4306.2001953125,4188.14990234375,4209.0,3226545,4196.9501953125,4217.82998046875,4282.602514648437,2.3421722944744428,1.3529000060034864,47.815986875884434,4416.0498046875
2024-08-16,4102.7783203125,4416.0498046875,4427.0,4325.10009765625,4350.0,3457058,4295.25,4266.52998046875,4287.627514648438,2.812404509341704,1.5175058873901652,52.075640683750606,4490.0
2024-08-19,4171.48193359375,4490.0,4494.25,4390.35009765625,4421.0,2055210,4416.0498046875,4318.77998046875,4297.00751953125,1.674577927857701,1.5351114539333583,57.294017994093544,4523.2998046875
2024-08-20,4202.41943359375,4523.2998046875,4565.0,4500.0,4505.0,2212298,4490.0,4384.3099609375,4308.805004882813,0.7416437569599088,1.1394247758740956,60.3363290743665,4551.5
2024-08-21,4228.619140625,4551.5,4560.0,4492.5498046875,4518.0,1896990,4523.2998046875,4455.219921875,4321.2625,0.6234429847713496,0.962964092040965,60.75749997945081,4502.0
2024-08-22,4182.63037109375,4502.0,4560.9501953125,4497.2001953125,4560.0,1829872,4551.5,4496.569921875,4331.05,-1.0875535537734793,1.44006925892332,56.47529090357789,4463.89990234375
2024-08-23,4147.2333984375,4463.89990234375,4506.0,4455.0,4500.0,1809253,4502.0,4506.13994140625,4338.1199951171875,-0.8462927067136805,1.1616093427812515,62.31862849115002,4502.4501953125
2024-08-26,4183.04833984375,4502.4501953125,4552.14990234375,4485.0,4489.0,1844164,4463.89990234375,4508.62998046875,4343.85,0.8636011965346579,0.9442088485771135,76.9469088220679,4497.14990234375
2024-08-27,4178.125,4497.14990234375,4510.0,4486.7998046875,4505.0,930697,4502.4501953125,4503.4,4349.652490234375,-0.11772019098108544,0.8636540430550799,75.71589377798222,4506.0498046875
2024-08-28,4186.39306640625,4506.0498046875,4562.5,4457.2998046875,4498.75,1848058,4497.14990234375,4494.3099609375,4356.687475585937,0.19790094920144607,0.7908489848859609,74.9102484704429,4511.7998046875
2024-08-29,4191.73486328125,4511.7998046875,4556.0,4460.0,4460.0,2133641,4506.0498046875,4496.269921875,4363.0099609375,0.12760622383751752,0.6166828510714127,78.68917037333118,4553.75
2024-08-30,4230.70947265625,4553.75,4592.25,4487.7998046875,4500.0,3637222,4511.7998046875,4514.23994140625,4370.842456054687,0.9297884908128218,0.468689190533313,78.16286394662595,4521.0498046875
2024-09-02,4200.3291015625,4521.0498046875,4588.0,4512.0,4576.0,1216500,4553.75,4517.95986328125,4382.742456054688,-0.7180937757342853,0.5946172102645731,78.21707389156721,4512.35009765625
2024-09-03,4192.24658203125,4512.35009765625,4555.89990234375,4495.89990234375,4521.0498046875,1717263,4521.0498046875,4520.99990234375,4400.607470703125,-0.19242670191843558,0.6018445588897201,77.00339371906962,4479.25
2024-09-04,4161.49462890625,4479.25,4487.0,4436.7001953125,4476.9501953125,1265505,4512.35009765625,4515.63994140625,4416.0099609375,-0.7335445375446947,0.6896970118505653,67.73320382793852,4475.9501953125
2024-09-05,4158.4287109375,4475.9501953125,4499.0,4454.14990234375,4481.0,1688793,4479.25,4508.47001953125,4429.7849609375,-0.07366868755930289,0.6775943618218004,57.46327859597208,4456.75
2024-09-06,4140.59033203125,4456.75,4518.9501953125,4440.0,4473.9501953125,1649179,4475.9501953125,4489.07001953125,4443.994970703125,-0.4289635602426456,0.2993949225814062,45.202723266115854,4449.5498046875
2024-09-09,4133.9013671875,4449.5498046875,4490.25,4430.5,4455.0,1184938,4456.75,4474.77001953125,4455.0349609375,-0.16155708335671148,0.2668946415845859,38.49278665943403,4507.85009765625
2024-09-10,4188.06640625,4507.85009765625,4539.9501953125,4440.4501953125,4442.4501953125,1385591,4449.5498046875,4473.87001953125,4470.644970703125,1.3102514979679958,0.7856292774229736,43.77410579597704,4479.35009765625
2024-09-11,4161.58740234375,4479.35009765625,4549.35009765625,4471.25,4521.4501953125,1325919,4507.85009765625,4473.8900390625,4484.764965820313,-0.6322304287540104,0.7635400353451944,46.563523730925546,4517.7001953125
2024-09-12,4197.21728515625,4517.7001953125,4532.60009765625,4431.2998046875,4510.25,2742216,4479.35009765625,4482.2400390625,4495.887475585938,0.8561531655298937,0.8487470991113085,58.15647147829614,4522.60009765625
2024-09-13,4201.76953125,4522.60009765625,4547.0,4505.0,4530.0,1458786,4517.7001953125,4495.41005859375,4501.214990234375,0.10846010429894637,0.7824031671334457,53.40196564976745,4513.25
2024-09-16,4193.0830078125,4513.25,4546.0498046875,4494.4501953125,4527.0,1155120,4522.60009765625,4508.15009765625,4502.377490234375,-0.20674164096656789,0.7892434158852717,52.68155579519559,4505.64990234375
2024-09-17,4186.02197265625,4505.64990234375,4535.7998046875,4466.0,4513.25,1699364,4513.25,4507.71005859375,4501.4949951171875,-0.16839522863235645,0.5511829618780207,49.93310452193829,4346.14990234375
2024-09-18,4037.8359375,4346.14990234375,4497.0498046875,4321.0,4497.0498046875,2961779,4505.64990234375,4481.07001953125,4491.227490234375,-3.539999854783016,1.703404101857309,31.702244482103566,4296.14990234375
2024-09-19,3991.383544921875,4296.14990234375,4422.2001953125,4281.7998046875,4390.0498046875,2927551,4346.14990234375,4436.7599609375,4480.934985351562,-1.1504435218177012,1.501946562121033,22.04257483982768,4284.89990234375
2024-09-20,3980.932373046875,4284.89990234375,4330.7001953125,4227.5,4316.89990234375,5447908,4296.14990234375,4389.219921875,4471.9849853515625,-0.2618623710933021,1.4420871385925786,23.11899375823296,4268.5
2024-09-23,3965.694580078125,4268.5,4309.39990234375,4253.0,4300.0,1702319,4284.89990234375,4340.269921875,4460.2874755859375,-0.3827371167942517,1.4178301780173226,22.720693064439487,4271.2998046875
2024-09-24,3968.29638671875,4271.2998046875,4291.0,4240.0,4251.64990234375,3012026,4268.5,4293.39990234375,4448.994970703125,0.06559223819841975,1.4595426708264823,25.045001757881167,4274.75
2024-09-25,3971.501953125,4274.75,4289.60009765625,4240.0,4252.35009765625,2713073,4271.2998046875,4279.119921875,4437.42998046875,0.08077623838798065,0.5014432914168625,25.86374541944312,4292.5
2024-09-26,3987.99267578125,4292.5,4316.7998046875,4260.0,4260.0,3964251,4274.75,4278.38994140625,4426.464990234375,0.4152289607579407,0.315009510229361,30.227546853067935,4308.7001953125
2024-09-27,4003.043212890625,4308.7001953125,4378.0,4300.0498046875,4335.0,3012477,4292.5,4283.15,4414.2125,0.3774069962143356,0.3202652447876234,33.40409863417216,4268.5
2024-09-30,3965.694580078125,4268.5,4298.75,4260.0498046875,4286.89990234375,2503416,4308.7001953125,4283.15,4401.585009765625,-0.9330005219725934,0.5468457363950672,20.541561849084317,4287.89990234375
2024-10-01,3983.718994140625,4287.89990234375,4295.75,4242.9501953125,4255.5498046875,1823365,4268.5,4286.47001953125,4390.3625,0.4544899225430443,0.5846446657868991,25.8970153584373,4232.75
2024-10-03,3932.481201171875,4232.75,4279.0,4210.0,4262.60009765625,3350119,4287.89990234375,4278.07001953125,4378.0375,-1.286175134676193,0.8451586415508321,15.581584627906153,4252.25
2024-10-04,3950.59814453125,4252.25,4298.0,4224.0498046875,4225.0,2965463,4232.75,4270.02001953125,4366.852490234375,0.46069340263421577,0.853560178908475,18.457599715610982,4272.85009765625
2024-10-07,3969.73681640625,4272.85009765625,4297.25,4229.39990234375,4273.89990234375,1472619,4252.25,4262.85,4357.657495117188,0.48445170571462803,0.8723388160142954,22.669424487987826,4253.25
2024-10-08,3951.52685546875,4253.25,4279.39990234375,4203.9501953125,4272.60009765625,1541867,4272.85009765625,4259.8,4347.842504882812,-0.4587125035582451,0.789670298526269,22.067315330270503,4252.9501953125
2024-10-09,3951.24853515625,4252.9501953125,4295.0,4246.7001953125,4260.0,1082504,4253.25,4252.81005859375,4335.097509765625,-0.007048837653556017,0.7384887826408704,34.07387629433704,4227.39990234375
2024-10-10,3927.510986328125,4227.39990234375,4293.85009765625,4198.60009765625,4253.25,2378875,4252.9501953125,4251.7400390625,4322.5,-0.6007663338477576,0.503828382442378,37.18070112824398,4149.2001953125
2024-10-11,3854.858642578125,4149.2001953125,4241.9501953125,4112.4501953125,4143.0,5759183,4227.39990234375,4231.130078125,4304.075,-1.849829891605348,0.8725133085889535,29.75236235674683,4136.64990234375
2024-10-14,3843.1982421875,4136.64990234375,4165.39990234375,4122.2001953125,4140.0,2137590,4149.2001953125,4203.8900390625,4284.777490234375,-0.3024749922389547,0.7093257670620144,30.09812780346728,4116.7998046875
2024-10-15,3824.756591796875,4116.7998046875,4169.9501953125,4095.0,4131.0498046875,2759474,4136.64990234375,4176.6,4264.95498046875,-0.47985926111376864,0.7080083578361612,27.820893848483152,4094.949951171875
2024-10-16,3804.456787109375,4094.949951171875,4115.0,4067.199951171875,4085.0,2359151,4116.7998046875,4144.999951171875,4244.419982910156,-0.5307485073902884,0.6231341996388623,25.484069626931998,4109.0
2024-10-17,3817.510009765625,4109.0,4129.9501953125,4092.949951171875,4112.7998046875,2522659,4094.949951171875,4121.319970703125,4232.562487792969,0.3431067289138445,0.7988713562956985,24.724551905034133,4123.0498046875
2024-10-18,3839.90771484375,4123.0498046875,4146.14990234375,4080.0,4090.0,2361000,4109.0,4116.089892578125,4223.907482910156,0.34192759035045484,0.4356597712101831,24.275967800644366,4079.85009765625
2024-10-21,3799.675048828125,4079.85009765625,4139.9501953125,4070.0,4132.60009765625,1595450,4123.0498046875,4104.729931640625,4213.654992675782,-1.0477609798003495,0.6056379225736394,24.075841022915768,4015.5
2024-10-22,3739.744140625,4015.5,4089.800048828125,4006.35009765625,4066.0,1928049,4079.85009765625,4084.469970703125,4201.004992675781,-1.5772662258649484,0.8486739499969206,16.682970586057223,4066.25
2024-10-23,3787.009033203125,4066.25,4113.5498046875,3995.14990234375,3999.60009765625,1966476,4015.5,4078.72998046875,4190.752502441406,1.2638525712862725,1.1539171005013162,29.413941616327236,4047.89990234375
2024-10-24,3769.919189453125,4047.89990234375,4079.0,4004.0,4004.0,2676744,4066.25,4066.5099609375,4179.409997558594,-0.45127814709499114,1.125941019274087,24.662108164135148,4057.550048828125
2024-10-25,3778.906494140625,4057.550048828125,4092.0,4032.699951171875,4057.050048828125,1759676,4047.89990234375,4053.410009765625,4167.6625,0.23839884179912563,1.112188378019745,22.559263060090444,4090.85009765625
2024-10-28,3809.919677734375,4090.85009765625,4134.0,4051.0,4068.949951171875,1532534,4057.550048828125,4055.610009765625,4156.769995117187,0.8206934831954227,1.118233149073897,30.00001202663178,4075.25
2024-10-29,3795.39111328125,4075.25,4103.5,4060.10009765625,4095.85009765625,1445885,4090.85009765625,4067.560009765625,4147.107495117188,-0.3813412196449706,0.7470867048279979,28.910506558123743,4084.64990234375
2024-10-30,3804.145263671875,4084.64990234375,4107.0,4060.050048828125,4075.0,1935002,4075.25,4071.239990234375,4136.944995117187,0.23065829933746063,0.5222198643043138,32.38306375316813,3968.449951171875
2024-10-31,3695.925048828125,3968.449951171875,4078.300048828125,3960.0,4070.0,3740372,4084.64990234375,4055.35,4123.729992675781,-2.8447958564380316,1.438049125089799,29.606207334628735,3984.199951171875
2024-11-01,3710.59375,3984.199951171875,3998.949951171875,3976.050048828125,3989.85009765625,154895,3968.449951171875,4040.67998046875,4110.327490234375,0.3968803989917724,1.4569103029446344,32.92259424181279,3964.14990234375
2024-11-04,3691.920654296875,3964.14990234375,3991.89990234375,3913.25,3966.300048828125,2269192,3984.199951171875,4015.33994140625,4094.89248046875,-0.5032390209790516,1.3017269640140374,32.90785252379901,3971.35009765625
2024-11-05,3698.626220703125,3971.35009765625,3986.0,3941.10009765625,3941.10009765625,967590,3964.14990234375,3994.5599609375,4080.7974853515625,0.1816327709565968,1.350986238054983,35.69115401769186,4139.64990234375
2024-11-06,3855.3681640625,4139.64990234375,4149.7998046875,3975.25,4003.60009765625,3792017,3971.35009765625,4005.5599609375,4075.132470703125,4.237848604353078,2.552683955654649,52.61451057325053,4150.89990234375
2024-11-07,3865.845703125,4150.89990234375,4205.7998046875,4085.050048828125,4169.7001953125,3724349,4139.64990234375,4042.049951171875,4071.307470703125,0.2717621119030067,1.8889637119485558,52.38708262569463,4147.0
2024-11-08,3862.213623046875,4147.0,4169.75,4117.64990234375,4155.0,1648039,4150.89990234375,4074.6099609375,4071.1974609375,-0.09395317727483032,1.9349438895481947,56.1712954860597,4198.7001953125
2024-11-11,3910.36328125,4198.7001953125,4234.2998046875,4117.64990234375,4128.2001953125,1406487,4147.0,4121.52001953125,4074.2999755859373,1.2466890598625602,1.7887738634983392,67.23749159245361,4197.39990234375
2024-11-12,3909.152099609375,4197.39990234375,4218.0,4164.35009765625,4216.0,1587640,4198.7001953125,4166.72998046875,4078.32998046875,-0.030968940583131488,1.8203538433278308,63.606153783807066,4150.35009765625
2024-11-13,3865.33349609375,4150.35009765625,4196.75,4131.0498046875,4178.10009765625,1098813,4197.39990234375,4168.87001953125,4081.099987792969,-1.120927378428449,0.8484530607616828,60.0313440656638,4145.89990234375
2024-11-14,3861.18896484375,4145.89990234375,4160.0,4116.4501953125,4135.0,1825432,4150.35009765625,4167.87001953125,4082.9449829101563,-0.10722457642822203,0.8410903087794144,58.73971477908057,4019.5
2024-11-18,3743.469482421875,4019.5,4213.0,3990.199951171875,4213.0,3313944,4145.89990234375,4142.37001953125,4077.7674926757813,-3.0487929115773804,1.6003192503316783,44.03975751959283,4039.550048828125
2024-11-19,3762.142822265625,4039.550048828125,4132.14990234375,4014.10009765625,4019.89990234375,1776233,4019.5,4110.539990234375,4075.752490234375,0.4988194757588049,1.4063297564029311,47.03980624230481,4072.85009765625
2024-11-21,3793.156005859375,4072.85009765625,4092.449951171875,4024.0,4044.89990234375,2384347,4039.550048828125,4085.630029296875,4078.6199951171875,0.8243504456092898,1.560971713111561,49.058877226433374,4244.60009765625
2024-11-22,3953.111328125,4244.60009765625,4254.9501953125,4054.0,4071.0,3096553,4072.85009765625,4104.480029296875,4087.5375,4.21694871851126,2.5923386491799145,70.23224915099074,4315.10009765625
2024-11-25,4018.769287109375,4315.10009765625,4328.10009765625,4252.2001953125,4280.0,4052167,4244.60009765625,4138.320068359375,4100.897509765625,1.660933854261759,2.6132651309638035,72.44302422892244,4352.7001953125
2024-11-26,4053.78857421875,4352.7001953125,4366.60009765625,4310.0,4321.0498046875,2060669,4315.10009765625,4204.960107421875,4115.655017089844,0.8713609604716455,1.5162643582461552,75.74031411715767,4332.5498046875
2024-11-27,4035.021240234375,4332.5498046875,4377.39990234375,4324.0498046875,4358.9501953125,1558993,4352.7001953125,4263.56005859375,4127.740002441406,-0.4629400078300927,1.737974022757466,73.52477435218677,4244.89990234375
2024-11-28,3953.390380859375,4244.89990234375,4339.9501953125,4233.0,4319.0,2558544,4332.5498046875,4297.97001953125,4136.222497558594,-2.023055851520028,2.3437491317143087,57.659550274326975,4270.85009765625
2024-11-29,3977.557861328125,4270.85009765625,4298.7001953125,4195.64990234375,4220.0,2017425,4244.89990234375,4303.22001953125,4145.532507324218,0.6113264366533588,1.4241019452436523,58.546492938283556,4276.64990234375
2024-12-02,3982.96044921875,4276.64990234375,4288.2001953125,4230.0498046875,4270.0,1670944,4270.85009765625,4295.52998046875,4160.9425048828125,0.13579977182254233,1.1519533060465952,59.212658310416444,4302.75
2024-12-03,4007.267578125,4302.75,4325.0,4265.4501953125,4314.35009765625,2010905,4276.64990234375,4285.53994140625,4176.870007324219,0.6102930623791858,1.097377626226018,57.67271475564722,4354.39990234375
2024-12-04,4055.37060546875,4354.39990234375,4386.9501953125,4289.0498046875,4313.5498046875,3302642,4302.75,4289.9099609375,4196.382507324219,1.2003928265353458,1.2491121126658253,60.7770397998611,4464.0498046875
2024-12-05,4157.490234375,4464.0498046875,4489.0,4360.0,4400.7998046875,3746747,4354.39990234375,4333.73994140625,4221.017492675781,2.518140382208145,0.9210774152646959,69.82929920263906,4445.5
2024-12-06,4140.21484375,4445.5,4465.0,4412.75,4453.0,1842087,4464.0498046875,4368.669921875,4236.309997558594,-0.415537583564185,1.1254467041463911,68.60638810803927,4452.14990234375
2024-12-09,4146.40771484375,4452.14990234375,4469.39990234375,4415.5498046875,4430.4501953125,2066639,4445.5,4403.769921875,4251.372497558594,0.14958727575637987,1.123397432151601,81.56415267345257,4432.5498046875
2024-12-10,4128.15380859375,4432.5498046875,4493.7998046875,4412.10009765625,4426.14990234375,2087828,4452.14990234375,4429.7298828125,4265.649987792969,-0.4402389426719888,1.26055432855895,78.69029579542809,4427.4501953125
2024-12-11,4123.40478515625,4427.4501953125,4448.64990234375,4407.0,4431.85009765625,1635256,4432.5498046875,4444.33994140625,4277.087487792969,-0.11504911619057978,1.2416954293066262,76.99864899127904,4454.9501953125
2024-12-12,4149.015625,4454.9501953125,4485.0,4426.0,4430.0498046875,1914642,4427.4501953125,4442.52001953125,4289.965002441406,0.6211249994209966,0.4415545422592414,70.52397481841301,4473.89990234375
2024-12-13,4166.6640625,4473.89990234375,4494.89990234375,4394.39990234375,4434.9501953125,1967048,4454.9501953125,4448.2,4306.142492675781,0.4253629378660362,0.42250184534285634,67.22716495642649,4415.2001953125
2024-12-16,4111.99609375,4415.2001953125,4475.0,4397.0,4459.0,1646224,4473.89990234375,4440.81005859375,4319.607507324219,-1.3120478399728852,0.7681939499206519,56.48341562543687,4328.5
2024-12-17,4031.24951171875,4328.5,4432.9501953125,4318.0,4410.0,3225027,4415.2001953125,4420.00009765625,4335.057507324219,-1.9636752916560196,1.1245357478386462,49.63086196890232,4347.85009765625
2024-12-18,4049.27099609375,4347.85009765625,4362.0,4289.60009765625,4311.7001953125,1575404,4328.5,4404.080078125,4350.472509765625,0.4470393359420122,1.1946568368775963,60.71841797570026,4271.89990234375
2024-12-19,3978.536376953125,4271.89990234375,4364.0,4262.0,4282.0,3015763,4347.85009765625,4367.47001953125,4360.425,-1.7468448453050733,1.1795083534163378,50.09899166628298,4170.2998046875
2024-12-20,3883.913330078125,4170.2998046875,4382.0,4152.5,4329.0,4116989,4271.89990234375,4306.75,4356.709985351563,-2.378335166526435,1.0970454708579391,41.50625239344257,4158.2998046875
2024-12-23,3872.737548828125,4158.2998046875,4217.0,4114.89990234375,4200.0498046875,2195338,4170.2998046875,4255.369921875,4348.869970703125,-0.28774909627629075,1.2056804168221382,38.19753413464914,4179.5
2024-12-24,3892.48193359375,4179.5,4218.0,4158.2998046875,4158.2998046875,1181886,4158.2998046875,4225.569921875,4340.2099609375,0.5098284469196246,1.3097367919460488,34.96130273378951,4169.10009765625
2024-12-26,3882.796142578125,4169.10009765625,4199.9501953125,4143.14990234375,4179.5,1208464,4179.5,4189.819921875,4332.0374755859375,-0.24883125598157418,1.1900503067719745,19.419387696211288,4164.85009765625
2024-12-27,3878.83837890625,4164.85009765625,4180.9501953125,4147.25,4163.0,858100,4169.10009765625,4168.4099609375,4328.034985351563,-0.1019404643795685,1.0970955052736402,20.01281354312205,4158.7998046875
2024-12-30,3873.202880859375,4158.7998046875,4199.2998046875,4112.0,4151.0,1527169,4164.85009765625,4166.1099609375,4322.432470703125,-0.14527036572468122,0.32447103222132967,18.61559469791554,4094.800048828125
2024-12-31,3813.598388671875,4094.800048828125,4139.9501953125,4032.050048828125,4135.0,1555429,4158.7998046875,4153.410009765625,4313.339978027344,-1.5388996553101442,0.7510584886667431,17.000496630213732,4112.4501953125
2025-01-01,3830.036376953125,4112.4501953125,4134.0,4085.449951171875,4094.39990234375,763161,4094.800048828125,4140.000048828125,4303.824987792968,0.4310380549454651,0.7302254580319657,19.959963381254965,4175.75
2025-01-02,3888.989013671875,4175.75,4183.0,4096.9501953125,4120.0,1720835,4112.4501953125,4141.330029296875,4294.892492675781,1.539223618067176,1.1121969593778736,25.075866217411956,4099.89990234375
2025-01-03,3818.347900390625,4099.89990234375,4179.9501953125,4092.300048828125,4179.9501953125,1791953,4175.75,4128.339990234375,4276.684997558594,-1.8164424991019557,1.394219081509739,19.69208233190912,4095.0
2025-01-06,3813.78466796875,4095.0,4149.64990234375,4066.39990234375,4105.5,2085593,4099.89990234375,4115.580029296875,4259.159997558594,-0.11951273105348381,1.3950091217243297,21.57317057311421,4028.300048828125
2025-01-07,3751.665283203125,4028.300048828125,4140.35009765625,4011.550048828125,4114.9501953125,2669054,4095.0,4102.280029296875,4237.967504882812,-1.6288144364316248,1.4153882079369675,22.36747898491157,4108.39990234375
2025-01-08,3826.264404296875,4108.39990234375,4126.0,4017.75,4034.89990234375,2181277,4028.300048828125,4101.469970703125,4221.760009765625,1.9884281842144969,1.7528236902766277,30.176329342140363,4038.85009765625
2025-01-09,3761.490478515625,4038.85009765625,4137.75,4025.300048828125,4101.0,2392472,4108.39990234375,4074.089990234375,4202.330004882812,-1.6928684242209058,1.6316315895894364,30.499549756410858,4265.64990234375
2025-01-10,3972.715576171875,4265.64990234375,4297.0,4170.0,4200.0,7894300,4038.85009765625,4107.239990234375,4192.864990234375,5.615454874621673,3.064094889434172,56.59634466092552,4291.10009765625
2025-01-13,3996.41796875,4291.10009765625,4322.9501953125,4227.39990234375,4245.0,4003771,4265.64990234375,4146.460009765625,4183.725,0.5966311323045259,3.0249541211606608,59.01931172346371,4233.0498046875
2025-01-14,3942.35400390625,4233.0498046875,4313.89990234375,4219.0498046875,4302.0,3441709,4291.10009765625,4187.4099609375,4174.61748046875,-1.352806777927562,2.9675143420196743,53.463541699564054,4249.60009765625
2025-01-15,3957.767822265625,4249.60009765625,4256.4501953125,4207.4501953125,4218.0,1653474,4233.0498046875,4215.65,4170.6724853515625,0.39097798826801533,2.924339781019418,55.16555311999859,4206.2998046875
2025-01-16,3917.44091796875,4206.2998046875,4294.0,4191.85009765625,4260.0,2637705,4249.60009765625,4249.13994140625,4163.594970703125,-1.0189262983270164,2.798643897272909,52.53282507159366,4124.2998046875
2025-01-17,3911.75048828125,4124.2998046875,4160.60009765625,4100.0498046875,4159.89990234375,1761466,4206.2998046875,4220.869921875,4156.2149658203125,-1.949456857749876,1.1129868942923304,48.07090178570454,4077.800048828125
2025-01-20,3867.64697265625,4077.800048828125,4145.7998046875,4068.10009765625,4145.7998046875,1287799,4124.2998046875,4178.209912109375,4151.589978027344,-1.1274581883335744,0.862655686933511,49.03045533177164,4035.85009765625
2025-01-21,3827.859130859375,4035.85009765625,4111.0,4030.0,4095.300048828125,1971591,4077.800048828125,4138.769970703125,4145.467492675782,-1.0287397780558316,0.8425444201846151,45.74916217223918,4156.60009765625
2025-01-22,3942.385986328125,4156.60009765625,4163.14990234375,4044.199951171875,4050.0,2409223,4035.85009765625,4120.169970703125,4144.322497558594,2.991934712097555,1.9500062511545773,49.00099648174696,4145.4501953125
2025-01-23,3931.810546875,4145.4501953125,4191.35009765625,4140.0498046875,4168.0,1822998,4156.60009765625,4108.000048828125,4143.140002441406,-0.26824573165066257,1.9216862850761678,52.54826813811189,4152.35009765625
2025-01-24,3938.35546875,4152.35009765625,4178.0,4104.0,4104.0,1910099,4145.4501953125,4113.610107421875,4142.515002441406,0.1664451873418349,1.6787694989368103,53.201233472299755,4065.14990234375
2025-01-27,3855.64892578125,4065.14990234375,4156.35009765625,4041.050048828125,4102.0,1551782,4152.35009765625,4111.080078125,4137.832507324219,-2.1000203080592694,1.9044904471950361,52.0109055223329,4040.300048828125
2025-01-28,3832.07958984375,4040.300048828125,4102.0,4028.300048828125,4070.800048828125,2468272,4065.14990234375,4111.970068359375,4135.107507324219,-0.6112899674695416,1.8593478840775042,46.04530579526163,4099.7998046875
2025-01-29,3888.512939453125,4099.7998046875,4107.85009765625,4054.0,4054.0,1217089,4040.300048828125,4100.610009765625,4134.474987792969,1.4726568606366897,1.293519941609048,53.581273461537144,4100.0498046875
2025-01-30,3888.750244140625,4100.0498046875,4129.89990234375,4058.5,4099.89990234375,1531251,4099.7998046875,4091.529931640625,4130.689978027343,0.00609785872260904,1.29931730808302,36.73927017482398,4112.39990234375
2025-01-31,3900.46337890625,4112.39990234375,4128.4501953125,4085.25,4110.0,1492943,4100.0498046875,4083.539892578125,4131.314978027343,0.30121823501096934,1.3105123726617494,35.38359973257569,4073.14990234375
2025-02-01,3863.236328125,4073.14990234375,4135.89990234375,4056.0,4113.0,437172,4112.39990234375,4085.139892578125,4130.222473144531,-0.9544305255340224,0.9400691553183904,36.5063373549578,4068.64990234375
2025-02-03,3858.968505859375,4068.64990234375,4077.0,3998.699951171875,4030.89990234375,1265713,4073.14990234375,4090.80986328125,4132.239965820312,-0.11047960688632674,0.8775488934962988,34.412930774142154,4107.0498046875
2025-02-04,3895.38916015625,4107.0498046875,4118.85009765625,4066.050048828125,4083.699951171875,2547132,4068.64990234375,4092.25986328125,4132.1724609375,0.9437996206463906,0.6887917320886421,41.37780228636874,4091.10009765625
2025-02-05,3880.261962890625,4091.10009765625,4150.0,4076.0,4150.0,1693912,4107.0498046875,4090.469921875,4134.7849609375,-0.3883494914779462,0.7153278831010691,46.741926333120574,4082.75
2025-02-06,3872.342041015625,4082.75,4139.5,4051.550048828125,4105.39990234375,2284536,4091.10009765625,4084.53994140625,4125.639965820313,-0.20410396853974833,0.6900253880615888,50.52508304210972,4029.39990234375
2025-02-07,3821.7412109375,4029.39990234375,4090.0,4008.0,4090.0,1548940,4082.75,4075.78994140625,4112.554956054688,-1.3067196780662593,0.8024563797326056,49.33193145141306,4036.949951171875
2025-02-10,3828.90234375,4036.949951171875,4052.0,4014.35009765625,4040.0,1339511,4029.39990234375,4069.449951171875,4102.749963378907,0.18737402618522747,0.8227837170938019,33.811353163657984,3963.550048828125
2025-02-11,3759.284912109375,3963.550048828125,4040.0,3955.0,4018.39990234375,1810908,4036.949951171875,4040.75,4088.4474609375,-1.8182019403644833,0.8289716385963654,28.93696947560599,3950.14990234375
2025-02-12,3746.575439453125,3950.14990234375,4021.75,3940.14990234375,3971.10009765625,1678002,3963.550048828125,4012.5599609375,4075.6399658203127,-0.3380844525562865,0.8340759289783397,26.933574559009315,3910.14990234375
2025-02-13,3708.636962890625,3910.14990234375,3984.449951171875,3902.25,3968.0,2277310,3950.14990234375,3978.03994140625,4064.932470703125,-1.0126197989667851,0.7922062259731475,30.184076347238104,3934.85009765625
2025-02-14,3732.06396484375,3934.85009765625,3948.0,3900.0,3925.0,1681975,3910.14990234375,3959.12998046875,4057.7849731445312,0.6316943321711177,0.9715139520964179,36.513625228013446,3904.5
2025-02-17,3703.2783203125,3904.5,3934.0,3856.199951171875,3856.5,1799806,3934.85009765625,3932.639990234375,4051.2174682617188,-0.7713152192081685,0.9014228836329733,23.00999909577621,3873.199951171875
2025-02-18,3673.591064453125,3873.199951171875,3924.39990234375,3864.5,3898.39990234375,2149879,3904.5,3914.569970703125,4037.0474609375,-0.8016403848924325,0.6568239805211329,21.127700630470784,3784.10009765625
2025-02-19,3589.083251953125,3784.10009765625,3874.949951171875,3768.14990234375,3872.199951171875,4366672,3873.199951171875,3881.360009765625,4018.9799560546876,-2.300419669494913,1.0409258809456297,15.044746974497286,3779.39990234375
2025-02-20,3584.625244140625,3779.39990234375,3788.0,3751.300048828125,3761.5,2888572,3784.10009765625,3855.210009765625,4000.3324462890623,-0.12420906400999465,1.0814466751780245,16.239535434458347,3786.0
2025-02-21,3590.885498046875,3786.0,3817.0,3775.0,3776.10009765625,1833931,3779.39990234375,3825.439990234375,3986.374951171875,0.17463348221384845,0.9555651764814493,17.671319938701018,3675.60009765625
2025-02-24,3486.1748046875,3675.60009765625,3763.199951171875,3670.0,3743.14990234375,2508516,3786.0,3779.660009765625,3968.1399536132812,-2.916003759739827,1.356559678197343,7.630425609452018,3629.550048828125
2025-02-25,3442.498291015625,3629.550048828125,3658.0,3621.25,3625.0,4101954,3675.60009765625,3730.930029296875,3944.6274658203124,-1.2528579716136412,1.3388653247820708,7.20450422429488,3612.550048828125
2025-02-27,3426.3740234375,3612.550048828125,3638.0,3600.699951171875,3611.699951171875,3823856,3629.550048828125,3696.62001953125,3920.252478027344,-0.46837761626923324,1.2379680044955845,7.090764151695865,3483.25
2025-02-28,3303.73779296875,3483.25,3600.0,3457.0,3584.949951171875,7085018,3612.550048828125,3637.3900390625,3888.7949829101562,-3.5791905186218442,1.5968024627779942,6.227507462943578,3493.050048828125
2025-03-03,3313.03271484375,3493.050048828125,3523.25,3476.14990234375,3485.0,4990439,3483.25,3578.800048828125,3859.789990234375,0.28134784549271874,1.627019103976563,6.564495022047126,3532.050048828125
2025-03-04,3350.022705078125,3532.050048828125,3551.0,3464.300048828125,3474.0,2797737,3493.050048828125,3550.0900390625,3832.959997558594,1.1165027541785166,1.7943906591092875,13.537307631686005,3547.050048828125
2025-03-05,3364.24951171875,3547.050048828125,3600.35009765625,3520.85009765625,3520.85009765625,2501894,3532.050048828125,3533.5900390625,3804.960009765625,0.4246825439230939,1.840238876537509,16.02903349122424,3601.60009765625
2025-03-06,3415.98828125,3601.60009765625,3609.449951171875,3536.10009765625,3557.0,2786513,3547.050048828125,3531.400048828125,3780.485009765625,1.5378990450430008,2.0415837892010287,24.619601278197536,3611.199951171875
2025-03-07,3425.09375,3611.199951171875,3625.0,3574.39990234375,3600.0,2051315,3601.60009765625,3556.9900390625,3756.907507324219,0.26654412636961666,0.5725552548633633,22.69928189117779,3589.64990234375
2025-03-10,3404.654296875,3589.64990234375,3622.10009765625,3582.60009765625,3606.5,1004626,3611.199951171875,3576.310009765625,3734.9200073242187,-0.5967559016257673,0.822795605614591,23.0413569356066,3575.300048828125
2025-03-11,3391.043701171875,3575.300048828125,3588.75,3537.64990234375,3558.0,1995450,3589.64990234375,3584.960009765625,3711.837512207031,-0.3997563524580916,0.8409206362141431,23.730167341820987,3506.199951171875
2025-03-12,3325.505126953125,3506.199951171875,3569.25,3486.85009765625,3565.0,3174167,3575.300048828125,3576.789990234375,3688.970007324219,-1.9327076528555698,1.2683095365438277,24.59780416360003,3511.050048828125
2025-03-13,3330.105224609375,3511.050048828125,3524.300048828125,3484.10009765625,3502.300048828125,1693004,3506.199951171875,3558.67998046875,3667.0150146484375,0.13832918041736253,0.8756422215692699,25.47749413576294,3497.699951171875
2025-03-17,3317.443115234375,3497.699951171875,3530.449951171875,3477.35009765625,3489.0,2690906,3511.050048828125,3535.97998046875,3646.3925170898438,-0.38023091299156375,0.7752079781731552,23.97544930634372,3497.699951171875
2025-03-18,3317.443115234375,3497.699951171875,3497.699951171875,3497.699951171875,3497.699951171875,0,3497.699951171875,3517.589990234375,3624.535009765625,0.0,0.8266502784739446,29.943624740377103,3497.10009765625
2025-03-19,3316.8740234375,3497.10009765625,3547.0,3462.75,3547.0,3051244,3497.699951171875,3501.95,3604.1650146484376,-0.017149942076188918,0.8571175110985553,33.362651058351474,3563.14990234375
2025-03-20,3379.519775390625,3563.14990234375,3578.949951171875,3512.0,3512.0,2845192,3497.10009765625,3513.339990234375,3588.6625122070313,1.8887021487250744,0.8944339415142493,44.47549064309315,3578.10009765625
2025-03-21,3393.69921875,3578.10009765625,3616.25,3465.0,3475.0,4161925,3563.14990234375,3526.75,3578.362512207031,0.4195780621709444,0.8885105450894266,64.25245644722014,3628.949951171875
2025-03-24,3441.928955078125,3628.949951171875,3649.75,3566.60009765625,3600.0,1834751,3578.10009765625,3553.0,3570.8400146484373,1.4211411678765717,0.8670331672517222,68.17816658001782,3657.75
2025-03-25,3469.24462890625,3657.75,3710.0,3638.0,3645.0,3135390,3628.949951171875,3585.010009765625,3564.4275146484374,0.7936193448693007,0.7636097193382932,67.28547879715705,3635.800048828125
2025-03-26,3448.425537109375,3635.800048828125,3680.5,3625.85009765625,3647.75,1734499,3657.75,3612.75,3562.4375122070314,-0.6000943523169933,0.9585049589937812,61.975448222789716,3651.199951171875
2025-03-27,3463.031982421875,3651.199951171875,3663.0,3610.5,3614.85009765625,2528474,3635.800048828125,3630.360009765625,3563.5200073242186,0.4235629610245928,0.7343151940922522,57.48338935902338,3606.14990234375
2025-03-28,3420.3037109375,3606.14990234375,3660.949951171875,3591.89990234375,3651.0,2051919,3651.199951171875,3635.969970703125,3563.2,-1.2338422828272133,1.0702747122678644,49.3117008525792,3550.800048828125
2025-04-01,3367.806396484375,3550.800048828125,3584.0,3525.0,3572.699951171875,2618493,3606.14990234375,3620.339990234375,3566.577502441406,-1.5348738963860464,1.0150928936080128,45.15164274819766,3543.949951171875
2025-04-02,3361.309326171875,3543.949951171875,3564.10009765625,3530.050048828125,3544.0,1764313,3550.800048828125,3597.57998046875,3569.1224975585938,-0.19291702044756942,0.7882456861807152,46.01295873795752,3403.14990234375
2025-04-03,3227.765380859375,3403.14990234375,3502.0,3396.14990234375,3491.0,4537821,3543.949951171875,3551.049951171875,3562.677490234375,-3.9729694484417544,1.6882376826398329,38.91577053872717,3299.39990234375
2025-04-04,3129.3623046875,3299.39990234375,3399.64990234375,3295.5,3362.60009765625,5317367,3403.14990234375,3480.68994140625,3550.2949829101562,-3.0486461947664245,1.505083054258484,31.22836025341266,3274.050048828125
2025-04-07,3105.318603515625,3274.050048828125,3291.39990234375,3056.050048828125,3100.0,6623955,3299.39990234375,3414.269970703125,3533.91748046875,-0.7683170960154806,1.5767595849650162,30.577499607763315,3292.949951171875
2025-04-08,3123.244873046875,3292.949951171875,3349.0,3255.300048828125,3302.050048828125,5557558,3274.050048828125,3362.699951171875,3518.00498046875,0.5772636967023459,1.941066097808498,32.78397361890951,3246.60009765625
2025-04-09,3079.283447265625,3246.60009765625,3270.0,3212.050048828125,3260.550048828125,2990265,3292.949951171875,3303.22998046875,3500.852490234375,-1.4075480709668908,1.8112038365423626,30.44189341063698,3231.5
2025-04-11,3064.9619140625,3231.5,3298.949951171875,3206.0,3289.550048828125,7108961,3246.60009765625,3268.9,3483.662487792969,-0.4651049467765067,1.34052904616982,21.867837205815476,3248.199951171875
2025-04-15,3080.801025390625,3248.199951171875,3314.39990234375,3238.60009765625,3314.39990234375,3512160,3231.5,3258.660009765625,3470.762487792969,0.5167863584055299,0.8528678862844694,22.099082696104517,3273.800048828125
2025-04-16,3105.081787109375,3273.800048828125,3278.10009765625,3229.0,3248.199951171875,2384391,3248.199951171875,3258.610009765625,3458.8999877929687,0.7881318281226513,0.9245200535963936,18.623545702786288,3298.89990234375
2025-04-17,3128.88818359375,3298.89990234375,3303.60009765625,3218.0,3245.5,2932346,3273.800048828125,3259.8,3448.9599853515624,0.7666886535910855,0.9572916312689498,18.08800273038254,3321.60009765625
2025-04-21,3150.41845703125,3321.60009765625,3354.0,3284.10009765625,3290.10009765625,2432946,3298.89990234375,3274.8,3440.154992675781,0.6881140981686684,0.5274472779799249,22.095906978478766,3314.39990234375
2025-04-22,3143.58935546875,3314.39990234375,3333.89990234375,3295.0,3322.60009765625,2710498,3321.60009765625,3291.37998046875,3431.019982910156,-0.21676887948012258,0.4192851460551148,19.64671780945855,3413.0
2025-04-23,3237.10791015625,3413.0,3420.89990234375,3337.300048828125,3365.0,3543923,3314.39990234375,3324.339990234375,3423.512487792969,2.974900451406781,1.1808210273027164,34.12510303788183,3401.60009765625
2025-04-24,3226.295654296875,3401.60009765625,3412.5,3387.699951171875,3401.10009765625,2252175,3413.0,3349.9,3414.6874877929686,-0.33401413254467993,1.3285984172639653,36.782431569052974,3448.0
2025-04-25,3270.304443359375,3448.0,3477.800048828125,3405.0,3420.0,2742991,3401.60009765625,3379.72001953125,3405.639990234375,1.3640610598441683,1.3541889996612564,42.05646502779754,3443.5
2025-04-28,3266.0361328125,3443.5,3457.800048828125,3405.0,3435.0,1593296,3448.0,3404.1,3394.927490234375,-0.1305104408352631,1.4327050733408542,54.31413515260293,3472.5
2025-04-29,3293.541748046875,3472.5,3495.0,3430.39990234375,3455.0,1578332,3443.5,3435.72001953125,3386.762487792969,0.842166400464639,1.3322226280263543,72.02852388403038,3453.699951171875
2025-04-30,3275.71044921875,3453.699951171875,3509.89990234375,3366.0,3472.0,2809332,3472.5,3443.860009765625,3376.887487792969,-0.5413980944024455,0.8221117342842651,73.24962559005112,3431.0
2025-05-02,3254.18017578125,3431.0,3491.5,3420.0,3472.0,1721761,3453.699951171875,3449.739990234375,3368.129992675781,-0.6572647158932465,0.8885667929924069,67.6919129817184,3454.300048828125
2025-05-05,3276.279541015625,3454.300048828125,3504.5,3446.39990234375,3450.0,1284443,3431.0,3451.0,3363.3049926757812,0.679103725681296,0.6901426760053821,78.28926148028488,3460.0
2025-05-06,3281.685791015625,3460.0,3473.0,3437.0,3460.0,1324763,3454.300048828125,3454.3,3359.1074951171877,0.16501030863860233,0.6846913779399348,81.94015588953957,3445.10009765625
2025-05-07,3267.553466796875,3445.10009765625,3459.5,3420.60009765625,3420.60009765625,1477128,3460.0,3448.82001953125,3361.2050048828123,-0.4306330157153204,0.5647259912106551,77.66227387504313,3448.89990234375
2025-05-08,3271.157958984375,3448.89990234375,3477.0,3428.699951171875,3448.0,2543591,3445.10009765625,3447.860009765625,3368.6800048828127,0.11029591535192118,0.5278383664843626,76.20471869010203,3440.300048828125
2025-05-09,3263.001220703125,3440.300048828125,3446.199951171875,3398.10009765625,3399.0,2531757,3448.89990234375,3449.72001953125,3376.9925048828127,-0.2493506265514034,0.42811623149588346,72.26073861797586,3620.39990234375
2025-05-12,3433.8193359375,3620.39990234375,3630.5,3502.199951171875,3505.0,2228678,3440.300048828125,3482.939990234375,3393.3650024414064,5.235004242637875,2.3992640587528546,81.45264335181265,3515.0
2025-05-13,3333.851318359375,3515.0,3623.0,3510.5,3620.39990234375,3062887,3620.39990234375,3493.939990234375,3406.7849975585937,-2.9112779026294056,2.980153682012852,67.49828777625581,3548.699951171875
2025-05-14,3365.814697265625,3548.699951171875,3561.0,3508.60009765625,3521.0,2119499,3515.0,3514.6599609375,3422.6449951171876,0.9587468327702631,2.953731916368987,63.34843584968826,3579.89990234375
2025-05-15,3395.406494140625,3579.89990234375,3600.0,3514.10009765625,3564.0,3548330,3548.699951171875,3540.8599609375,3439.2299926757814,0.8791938343948091,2.939979488750914,66.8812820894515,3561.300048828125
2025-05-16,3377.76513671875,3561.300048828125,3593.89990234375,3546.10009765625,3593.89990234375,1666727,3579.89990234375,3565.0599609375,3453.6049926757814,-0.519563508003329,2.966055815121943,61.32323195354341,3518.800048828125
2025-05-19,3337.45556640625,3518.800048828125,3550.0,3503.699951171875,3550.0,2537377,3561.300048828125,3544.739990234375,3464.6,-1.1933844219047196,1.6053934040338707,56.994257719152074,3498.300048828125
2025-05-20,3318.01171875,3498.300048828125,3558.0,3494.0,3531.800048828125,2038374,3518.800048828125,3541.4,3473.4349975585938,-0.5825849640654357,0.9596636150530078,52.43488995911168,3525.800048828125
2025-05-21,3344.094482421875,3525.800048828125,3537.0,3498.300048828125,3508.0,1440153,3498.300048828125,3536.82001953125,3484.0050048828125,0.7860960928497862,0.9144678075058149,56.694543027766336,3477.0
2025-05-22,3297.809326171875,3477.0,3497.800048828125,3451.300048828125,3495.0,2034383,3525.800048828125,3516.2400390625,3487.2050048828123,-1.3840844106955186,0.8503913187649529,54.07368682321787,3514.60009765625
2025-05-23,3333.471923828125,3514.60009765625,3535.0,3465.60009765625,3477.0,1274331,3477.0,3506.900048828125,3492.8550048828124,1.081394813236991,1.1327487937313747,55.20816507961678,3537.300048828125
2025-05-26,3355.002197265625,3537.300048828125,3545.0,3510.10009765625,3521.0,967470,3514.60009765625,3510.600048828125,3497.3200073242188,0.6458757907339852,1.048789379504029,56.48600071369955,3498.699951171875
2025-05-27,3318.39111328125,3498.699951171875,3540.0,3483.10009765625,3532.0,2467680,3537.300048828125,3510.680029296875,3500.0800048828123,-1.0912305182885995,1.1522479614771988,54.325363817581525,3497.699951171875
2025-05-28,3317.443115234375,3497.699951171875,3529.0,3493.0,3520.0,1222933,3498.699951171875,3505.060009765625,3501.3400024414063,-0.028582045158376257,1.0692557234664586,53.95590820337626,3498.10009765625
2025-05-29,3317.822265625,3498.10009765625,3532.5,3486.5,3504.699951171875,3188072,3497.699951171875,3509.280029296875,3503.560009765625,0.0114402747508624,0.8218416987866759,54.74860850641341,3463.39990234375
2025-05-30,3284.91064453125,3463.39990234375,3506.699951171875,3453.10009765625,3490.0,3404365,3498.10009765625,3499.039990234375,3505.1800048828127,-0.9919726235321114,0.7365122190183881,33.05268417535109,3449.800048828125
2025-06-02,3272.011474609375,3449.800048828125,3460.0,3418.60009765625,3450.0,1877585,3463.39990234375,3481.539990234375,3504.9550048828123,-0.39267349711541444,0.5212738868735294,41.222411758712376,3405.199951171875
2025-06-03,3229.7099609375,3405.199951171875,3473.5,3400.5,3446.0,2848125,3449.800048828125,3462.839990234375,3502.2150024414063,-1.2928313822536008,0.5827453027885081,31.232031123275917,3380.89990234375
2025-06-04,3235.1640625,3380.89990234375,3394.800048828125,3370.0,3389.0,2544807,3405.199951171875,3439.47998046875,3499.004992675781,-0.7136159161450162,0.5085721739897441,23.494966312010618,3371.10009765625
2025-06-05,3225.786865234375,3371.10009765625,3409.0,3363.699951171875,3409.0,3584683,3380.89990234375,3414.07998046875,3495.1150024414064,-0.28985787720915424,0.41623308367690004,24.05895064914307,3384.199951171875
2025-06-06,3238.322021484375,3384.199951171875,3390.89990234375,3358.699951171875,3371.10009765625,2070390,3371.10009765625,3398.239990234375,3492.3099975585938,0.3885928372382885,0.6147194721507622,30.041515466574765,3421.89990234375
2025-06-09,3274.39697265625,3421.89990234375,3434.0,3390.89990234375,3400.0,1718678,3384.199951171875,3392.6599609375,3482.3849975585936,1.1139989278358131,0.9395051964272801,39.22120275030087,3462.89990234375
2025-06-10,3313.629638671875,3462.89990234375,3485.800048828125,3423.199951171875,3440.0,2419874,3421.89990234375,3404.199951171875,3479.779992675781,1.1981647964605324,0.8433131668562884,41.45146487634703,3471.89990234375
2025-06-11,3322.241455078125,3471.89990234375,3489.0,3449.10009765625,3470.0,2847013,3462.89990234375,3422.399951171875,3475.939990234375,0.25989778087169846,0.6230029248787258,49.22278327670701,3434.199951171875
2025-06-12,3286.16650390625,3434.199951171875,3474.699951171875,3423.199951171875,3471.89990234375,4060134,3471.89990234375,3435.019921875,3468.654992675781,-1.0858593920413773,0.9180499902583225,37.75134697654627,3445.699951171875
2025-06-13,3297.1708984375,3445.699951171875,3450.5,3393.199951171875,3393.199951171875,2178493,3434.199951171875,3447.319921875,3462.8749877929686,0.3348669315563768,0.9181649273459165,35.552035069992115,3496.300048828125
2025-06-16,3345.58984375,3496.300048828125,3509.0,3426.199951171875,3440.0,1934088,3445.699951171875,3462.199951171875,3461.7499877929686,1.4684998221926149,1.0005302385438837,49.63527320003799,3515.300048828125
2025-06-17,3363.77099609375,3515.300048828125,3520.0,3488.10009765625,3510.0,2111940,3496.300048828125,3472.67998046875,3462.599987792969,0.5434316201313516,0.9148762347187074,52.536037126260815,3451.39990234375
2025-06-18,3302.625,3451.39990234375,3538.0,3443.10009765625,3519.10009765625,2696327,3515.300048828125,3468.57998046875,3458.87998046875,-1.8177721843595451,1.3214877227785873,44.311791070341044,3424.0
2025-06-19,3276.406494140625,3424.0,3451.0,3413.0,3450.0,2672768,3451.39990234375,3466.539990234375,3456.22998046875,-0.7938779370406657,1.273229566781519,45.114095861595416,3435.699951171875
2025-06-20,3287.60205078125,3435.699951171875,3446.300048828125,3410.89990234375,3425.0,2351248,3424.0,3464.539990234375,3452.2849731445312,0.3417041814215871,1.2737538025547264,48.24319654637883,3393.60009765625
2025-06-23,3247.317138671875,3393.60009765625,3425.0,3370.0,3415.0,3123421,3435.699951171875,3444.0,3445.0999755859375,-1.2253646742715452,1.0130915842458896,48.54565367377561,3390.39990234375
2025-06-24,3244.254638671875,3390.39990234375,3442.10009765625,3382.0,3434.60009765625,3403048,3393.60009765625,3419.019970703125,3439.6849731445313,-0.09430089640527495,0.8638067962920892,51.25761283675208,3444.800048828125
2025-06-25,3296.309814453125,3444.800048828125,3450.0,3400.0,3407.300048828125,1757699,3390.39990234375,3417.7,3437.0399780273438,1.6045348056660913,1.0984476492538953,58.72601736329312,3441.800048828125
2025-06-26,3293.439208984375,3441.800048828125,3451.39990234375,3415.300048828125,3444.800048828125,2879106,3444.800048828125,3421.260009765625,3434.2249755859375,-0.08708778325233757,1.0187100012424095,56.98690809845224,3441.10009765625
2025-06-27,3292.76953125,3441.10009765625,3466.39990234375,3431.0,3455.0,1778433,3441.800048828125,3422.3400390625,3433.1099853515625,-0.02033677616203322,1.0107724435410552,52.558660090316366,3462.0
2025-06-30,3312.7685546875,3462.0,3464.89990234375,3430.0,3439.89990234375,1468351,3441.10009765625,3436.02001953125,3433.7199829101564,0.6073610691530007,0.7335108918332057,49.873288919140045,3429.699951171875
2025-07-01,3281.860595703125,3429.699951171875,3485.0,3413.5,3455.0,2375183,3462.0,3443.880029296875,3434.9449829101563,-0.9329881232849502,0.9417284032140015,44.42389867393754,3423.300048828125
2025-07-02,3275.736572265625,3423.300048828125,3489.89990234375,3420.0,3487.199951171875,3090585,3429.699951171875,3439.580029296875,3437.064990234375,-0.186602397727631,0.5489486335418825,48.429861815460406,3400.800048828125
2025-07-03,3254.20654296875,3400.800048828125,3435.300048828125,3397.60009765625,3430.0,2531870,3423.300048828125,3431.380029296875,3438.5499877929688,-0.6572605287024857,0.5965404860951868,43.730816797088586,3419.800048828125
2025-07-04,3272.387451171875,3419.800048828125,3427.0,3390.10009765625,3408.0,1109320,3400.800048828125,3427.12001953125,3440.3299926757813,0.5586920644319315,0.6970810870929598,38.28483920367535,3411.699951171875
2025-07-07,3264.636474609375,3411.699951171875,3426.10009765625,3408.39990234375,3418.300048828125,1639174,3419.800048828125,3417.060009765625,3439.8199951171873,-0.23685880871969767,0.5661497720508811,33.586808365140186,3406.199951171875
2025-07-08,3259.37353515625,3406.199951171875,3425.0,3393.39990234375,3405.0,2325242,3411.699951171875,3412.360009765625,3436.984997558594,-0.16120995628912116,0.43808565029554003,41.21307158770222,3383.800048828125
2025-07-09,3237.939208984375,3383.800048828125,3414.0,3367.0,3410.0,2034938,3406.199951171875,3404.460009765625,3432.5800048828123,-0.6576214745127817,0.4980517903312553,42.03014295104312,3382.0
2025-07-10,3236.216552734375,3382.0,3399.0,3356.0,3380.0,3035012,3383.800048828125,3400.7,3429.970007324219,-0.05319607548172067,0.43845770937705214,38.91870814067253,3266.0
2025-07-11,3125.217041015625,3266.0,3335.0,3261.10009765625,3299.89990234375,7635550,3382.0,3369.939990234375,3420.985009765625,-3.42992312241277,1.4284257921999424,29.82289392165886,3222.699951171875
2025-07-14,3083.783447265625,3222.699951171875,3272.0,3200.0,3266.0,3924009,3266.0,3332.139990234375,3407.3050048828127,-1.3257822666296715,1.3828485285939838,26.46647092479469,3252.300048828125
2025-07-15,3112.107666015625,3252.300048828125,3259.39990234375,3206.0,3206.0,2590889,3222.699951171875,3301.360009765625,3394.1550048828126,0.9184875447522334,1.6327937140595987,20.965309200603315,3233.10009765625
2025-07-16,3104.234619140625,3233.10009765625,3244.89990234375,3220.60009765625,3227.0,2540733,3252.300048828125,3271.22001953125,3383.2400146484374,-0.5903499333892337,1.6356638208061447,19.988498636758436,3209.199951171875
2025-07-17,3081.286865234375,3209.199951171875,3242.0,3204.10009765625,3224.10009765625,2947640,3233.10009765625,3236.660009765625,3372.5000122070314,-0.7392331125689822,1.574920868227444,18.738196967233563,3189.89990234375
2025-07-18,3062.756591796875,3189.89990234375,3228.800048828125,3187.0,3225.0,3432645,3209.199951171875,3221.439990234375,3360.210009765625,-0.6013975171935693,0.8313346707128013,13.160048497541396,3158.199951171875
2025-07-21,3032.31982421875,3158.199951171875,3197.60009765625,3152.0,3190.0,3844346,3189.89990234375,3208.539990234375,3348.4400024414062,-0.9937600596364726,0.7554511492521403,13.181467835963005,3159.60009765625
2025-07-22,3033.6640625,3159.60009765625,3180.10009765625,3154.60009765625,3159.60009765625,3198036,3158.199951171875,3190.0,3336.900012207031,0.044333687100950314,0.3830252345365752,13.747644686876768,3179.10009765625
2025-07-23,3052.386962890625,3179.10009765625,3182.0,3157.60009765625,3159.60009765625,1922875,3159.60009765625,3179.2,3323.6150146484374,0.6171667108905599,0.6555248782388043,19.26813403554418,3148.0
2025-07-24,3022.5263671875,3148.0,3173.699951171875,3140.0,3165.10009765625,2934778,3179.10009765625,3166.960009765625,3308.925012207031,-0.9782673304051692,0.6996452955940207,13.546183310838117,3135.800048828125
2025-07-25,3010.8125,3135.800048828125,3156.89990234375,3125.60009765625,3140.0,2568917,3148.0,3156.1400390625,3293.660009765625,-0.3875460982171175,0.6893706885586848,13.398830406326283,3079.300048828125
2025-07-28,2956.564697265625,3079.300048828125,3118.0,3069.89990234375,3110.0,3374473,3135.800048828125,3140.36005859375,3274.525012207031,-1.8017730442065227,0.9327850492952978,11.80186913754936,3056.0
2025-07-29,2934.193359375,3056.0,3074.0,3041.199951171875,3060.0,4785312,3079.300048828125,3119.6400390625,3255.8400146484373,-0.7566670496105821,0.8831279901555019,11.777094422748775,3053.60009765625
2025-07-30,2931.888916015625,3053.60009765625,3069.0,3047.199951171875,3060.0,2880121,3056.0,3094.5400390625,3237.355017089844,-0.07853083585569465,0.6572367615925768,11.76064233828967,3036.800048828125
2025-07-31,2915.758544921875,3036.800048828125,3059.800048828125,3015.0,3041.699951171875,2968371,3053.60009765625,3072.300048828125,3219.1550170898436,-0.5501718722441651,0.6561819754609581,15.293814939878061,3003.0
2025-08-01,2883.305908203125,3003.0,3036.800048828125,3000.0,3029.89990234375,2053847,3036.800048828125,3045.7400390625,3198.3150146484377,-1.1130152886150046,0.6458170058076951,15.74685841614081,3074.39990234375
2025-08-04,2951.859619140625,3074.39990234375,3079.39990234375,2991.60009765625,3009.10009765625,2519252,3003.0,3044.760009765625,3181.4500122070312,2.3776191256660084,1.393768279078357,25.462065286863364,3063.89990234375
2025-08-05,2941.7783203125,3063.89990234375,3077.5,3042.0,3074.39990234375,1927996,3074.39990234375,3046.339990234375,3164.335009765625,-0.34153006549327847,1.3509296652350116,26.08817761388275,3032.300048828125
2025-08-06,2911.43798828125,3032.300048828125,3066.800048828125,3026.0,3063.0,1487081,3063.89990234375,3042.07998046875,3146.760009765625,-1.0313605053302366,1.4394615797977683,25.53251696490318,3047.0
2025-08-07,2925.55224609375,3047.0,3051.60009765625,3010.89990234375,3016.0,2543076,3032.300048828125,3044.119970703125,3130.010009765625,0.48477891155778163,1.4386525239020393,29.980394866273286,3036.39990234375
2025-08-08,2915.37451171875,3036.39990234375,3059.800048828125,3025.0,3048.10009765625,2762140,3047.0,3050.799951171875,3118.5300048828126,-0.34788636876436074,1.3161302896059868,31.86420025053856,3040.800048828125
2025-08-11,2919.59912109375,3040.800048828125,3049.89990234375,3021.300048828125,3036.39990234375,1884215,3036.39990234375,3044.07998046875,3109.435009765625,0.14491327314885005,0.5743016334039782,32.46752778828659,3035.39990234375
2025-08-12,2914.4140625,3035.39990234375,3096.39990234375,3026.89990234375,3041.0,3358232,3040.800048828125,3038.37998046875,3098.5900024414063,-0.17758966053871283,0.5701663410275508,27.871864971593396,3036.199951171875
2025-08-13,2915.1826171875,3036.199951171875,3044.39990234375,3028.60009765625,3036.10009765625,2148166,3035.39990234375,3039.1599609375,3088.7449951171875,0.026357279233857334,0.3185350391754968,31.0122294157794,3022.300048828125
2025-08-14,2901.836669921875,3022.300048828125,3055.89990234375,3019.10009765625,3034.0,3342174,3036.199951171875,3034.219970703125,3079.4,-0.45780589444990305,0.2509837243486856,30.83418396373429,3011.199951171875
2025-08-18,2891.17919921875,3011.199951171875,3049.0,3003.39990234375,3046.5,2945609,3022.300048828125,3029.17998046875,3070.4650024414063,-0.3672731852204403,0.2546879908164109,36.41802062192999,3016.199951171875
2025-08-19,2895.979736328125,3016.199951171875,3025.0,3011.10009765625,3011.199951171875,2650784,3011.199951171875,3024.2599609375,3063.3650024414064,0.1660467614597927,0.26123474769304805,41.43717217260858,3098.60009765625
2025-08-20,2975.09521484375,3098.60009765625,3103.39990234375,3010.89990234375,3010.89990234375,4952358,3016.199951171875,3036.9,3060.3150024414062,2.731919230101454,1.318593901447562,57.2022957317645,3102.60009765625
2025-08-21,2978.935791015625,3102.60009765625,3130.0,3083.10009765625,3130.0,3230726,3098.60009765625,3050.180029296875,3056.4900024414064,0.12909055295731164,1.3117119973614026,60.981304032145694,3054.0
2025-08-22,2932.27294921875,3054.0,3095.699951171875,3050.0,3086.0,1593791,3102.60009765625,3056.52001953125,3051.790002441406,-1.5664312552869153,1.5698034338018851,58.11067694582322,3140.60009765625
2025-08-25,3015.42138671875,3140.60009765625,3152.0,3077.10009765625,3087.300048828125,3448370,3054.0,3082.400048828125,3052.0300048828126,2.8356286069499026,1.8914647461460625,60.04248750411098,3157.199951171875
2025-08-26,3031.359619140625,3157.199951171875,3162.0,3120.0,3129.0,5522097,3140.60009765625,3110.600048828125,3055.925,0.5285567407328662,1.865013376860824,63.896325095688894,3093.699951171875
2025-08-28,2970.390380859375,3093.699951171875,3146.5,3086.5,3145.0,3116051,3157.199951171875,3109.62001953125,3057.8099975585938,-2.011275845118088,1.925768539621653,58.351442393265025,3084.699951171875
2025-08-29,2961.74951171875,3084.699951171875,3115.0,3077.199951171875,3093.0,2271789,3093.699951171875,3106.039990234375,3059.364990234375,-0.29091379713765964,1.9269690591700315,55.208605284194974,3112.60009765625
2025-09-01,2988.537353515625,3112.60009765625,3131.10009765625,3090.0,3090.0,1246862,3084.699951171875,3117.760009765625,3063.154992675781,0.9044687303793042,1.767391467390786,60.04747599481331,3111.5
2025-09-02,2987.481201171875,3111.5,3155.0,3103.10009765625,3121.10009765625,2185229,3112.60009765625,3111.939990234375,3068.5799926757813,-0.035343366373286056,1.1252688180375203,59.404074459192735,3097.5
2025-09-03,2974.039306640625,3097.5,3141.89990234375,3088.0,3129.89990234375,1799774,3111.5,3100.0,3069.734997558594,-0.4499437570303688,1.0538595414719372,58.07542507082927,3095.699951171875
2025-09-04,2972.310546875,3095.699951171875,3118.0,3090.800048828125,3116.0,1481391,3097.5,3100.4,3071.325,-0.058112956517353265,0.5264945001285551,57.71724054945821,3048.300048828125
2025-09-05,2926.80029296875,3048.300048828125,3103.39990234375,3028.60009765625,3097.10009765625,2802055,3095.699951171875,3093.12001953125,3072.125,-1.5311529893524356,0.8797370832760403,53.10262168269214,3019.0
2025-09-08,2898.668212890625,3019.0,3064.89990234375,3016.0,3050.0,2626187,3048.300048828125,3074.4,3070.725,-0.9611930701962534,0.6387969795027844,50.89204494371983,3049.39990234375
2025-09-09,2927.856201171875,3049.39990234375,3060.0,3030.800048828125,3032.10009765625,2489301,3019.0,3061.97998046875,3071.375,1.006952710955611,0.96090233989373,53.5884053871336,3110.0
2025-09-10,2986.041015625,3110.0,3122.699951171875,3053.39990234375,3056.39990234375,2079428,3049.39990234375,3064.47998046875,3074.834997558594,1.9872794515954917,1.4313931299993754,51.293091511688054,3124.199951171875
2025-09-11,2999.675048828125,3124.199951171875,3139.0,3110.10009765625,3139.0,2263446,3110.0,3070.17998046875,3079.275,0.45659006983520545,1.4366883928781602,52.39466095598054,3133.39990234375
2025-09-12,3008.50830078125,3133.39990234375,3148.699951171875,3121.0,3144.0,1447167,3124.199951171875,3087.199951171875,3084.1349975585936,0.29447382740097616,1.0761120915817912,59.64527253466073,3111.89990234375
2025-09-15,2987.864990234375,3111.89990234375,3134.0,3096.0,3134.0,1732539,3133.39990234375,3105.779931640625,3088.614990234375,-0.6861556350952314,0.9820341434627817,45.858557674963926,3145.699951171875
2025-09-16,3020.318359375,3145.699951171875,3150.0,3109.10009765625,3128.0,2573429,3111.89990234375,3125.03994140625,3095.339990234375,1.0861547571844543,0.9906023375704456,48.41902751933925,3172.800048828125
2025-09-17,3046.337890625,3172.800048828125,3182.39990234375,3142.39990234375,3152.0,2418271,3145.699951171875,3137.599951171875,3103.1699951171877,0.8614965850813006,0.6851693536769632,62.08371934818315,3176.699951171875
2025-09-18,3050.082275390625,3176.699951171875,3203.0,3161.39990234375,3185.0,2633138,3172.800048828125,3148.099951171875,3107.074987792969,0.12291673864510688,0.6947678774631076,64.27683802468985,3169.199951171875
2025-09-19,3042.881591796875,3169.199951171875,3180.5,3144.0,3170.0,4901694,3176.699951171875,3155.2599609375,3110.40498046875,-0.23609406350239004,0.7415928782463105,59.37704512232511,3073.800048828125
2025-09-22,2951.28369140625,3073.800048828125,3106.89990234375,3065.0,3095.0,3634901,3169.199951171875,3147.639990234375,3111.394982910156,-3.0102203651894532,1.641471002352662,45.24110513583062,3062.39990234375
2025-09-23,2940.338134765625,3062.39990234375,3080.699951171875,3052.0,3070.0,3177741,3073.800048828125,3130.97998046875,3107.484973144531,-0.37088119927388696,1.4684767853323346,45.54001300428843,3035.39990234375
2025-09-24,2914.4140625,3035.39990234375,3057.0,3033.0,3050.0,1625714,3062.39990234375,3103.499951171875,3101.394970703125,-0.8816614701213976,1.2467341922453101,42.79913352517063,2957.39990234375
2025-09-25,2839.5234375,2957.39990234375,3029.60009765625,2951.0,3022.0,4974361,3035.39990234375,3059.63994140625,3094.579968261719,-2.5696778846099666,1.2886479286470043,39.88424920924637,2899.10009765625
2025-09-26,2783.547119140625,2899.10009765625,2954.800048828125,2891.300048828125,2941.0,3934636,2957.39990234375,3005.619970703125,3085.2999755859373,-1.9713196257732046,1.1140480252056224,37.466030597473555,2896.10009765625
2025-09-29,2780.66650390625,2896.10009765625,2929.300048828125,2894.0,2916.0,3110035,2899.10009765625,2970.07998046875,3074.4749755859375,-0.10348038698027029,1.055931246225115,33.00068331234304,2888.39990234375
2025-09-30,2773.2734375,2888.39990234375,2915.300048828125,2885.10009765625,2911.0,2253458,2896.10009765625,2935.27998046875,3063.319970703125,-0.26588153215876265,1.07686726256765,22.160791751727388,2914.199951171875
2025-10-01,2798.045166015625,2914.199951171875,2924.800048828125,2866.60009765625,2891.0,1952902,2888.39990234375,2911.039990234375,3054.1549682617188,0.893229805443152,1.4266341576632495,24.365240486802932,2901.89990234375
2025-10-03,2786.235595703125,2901.89990234375,2924.0,2891.10009765625,2924.0,2899519,2914.199951171875,2899.939990234375,3044.4649658203125,-0.42207291998542784,1.0301071292888166,21.953005761881656,2988.39990234375
2025-10-06,2869.287841796875,2988.39990234375,2993.60009765625,2895.60009765625,2902.0,2112774,2901.89990234375,2917.799951171875,3041.4699584960936,2.9808057793494935,1.417931930446082,37.07348236280192,2973.699951171875
2025-10-07,2855.173583984375,2973.699951171875,3004.5,2955.5,2995.0,3062943,2988.39990234375,2933.319921875,3039.2049560546875,-0.49190040330098217,1.4766639059679125,31.247278306411857,3027.199951171875
2025-10-08,2906.541259765625,3027.199951171875,3043.0,2968.0,2975.0,4121889,2973.699951171875,2961.079931640625,3038.0949584960936,1.799105521016564,1.4840838264228624,34.98968065399485,3061.699951171875
2025-10-09,2939.666015625,3061.699951171875,3066.0,3020.0,3034.0,3211304,3027.199951171875,2990.579931640625,3035.6799560546874,1.139667037410086,1.4857422362619308,38.84794625498011,3028.300048828125
2025-10-10,2907.59765625,3028.300048828125,3070.0,3006.89990234375,3050.0,8817365,3061.699951171875,3015.8599609375,3030.8849609375,-1.0908940417550084,1.665180293300663,36.98985204582179,3007.199951171875
2025-10-13,2887.33837890625,3007.199951171875,3035.5,2998.199951171875,3027.0,2866865,3028.300048828125,3019.619970703125,3024.5749633789064,-0.6967637722825826,1.2615669318234564,42.87242403530004,2960.300048828125
2025-10-14,2842.307861328125,2960.300048828125,3027.199951171875,2955.5,3021.0,3611416,3007.199951171875,3016.939990234375,3016.994970703125,-1.559587094482151,1.4671480131304517,39.844851458846,2969.800048828125
2025-10-15,2862.06396484375,2969.800048828125,2979.699951171875,2951.0,2971.0,4282226,2960.300048828125,3005.460009765625,3008.1999755859374,0.3209134156438198,1.0951903137095518,43.23991548667868,2970.699951171875
2025-10-16,2862.931396484375,2970.699951171875,2975.0,2943.10009765625,2969.89990234375,3251495,2969.800048828125,2987.260009765625,2998.094970703125,0.030301782239683384,0.7772557949158938,51.62950914017124,2962.199951171875
2025-10-17,2854.739501953125,2962.199951171875,2988.800048828125,2955.39990234375,2970.0,4374683,2970.699951171875,2974.039990234375,2987.369970703125,-0.2861278533581646,0.7319899694797289,58.80544863474101,3015.199951171875
2025-10-20,2905.81689453125,3015.199951171875,3023.0,2978.5,2985.5,3133039,2962.199951171875,2975.639990234375,2979.669970703125,1.7892107512537336,1.204365898474644,64.58484438802509,3006.699951171875
2025-10-21,2897.62548828125,3006.699951171875,3031.800048828125,2996.0,3031.10009765625,310644,3015.199951171875,2984.919970703125,2976.3149658203124,-0.281905019157902,0.8619794547379785,64.45857873224668,3073.199951171875
2025-10-23,2961.712890625,3073.199951171875,3098.0,3036.10009765625,3055.0,5564758,3006.699951171875,3005.599951171875,2976.8549682617186,2.211727178632561,1.210011331415987,67.67452968442993,3063.199951171875
2025-10-24,2952.07568359375,3063.199951171875,3090.0,3058.300048828125,3080.0,2684318,3073.199951171875,3024.099951171875,2978.244970703125,-0.3253937315789268,1.2677645252534329,68.02236165675282,3084.89990234375
2025-10-27,2972.98828125,3084.89990234375,3094.199951171875,3060.199951171875,3066.5,1946312,3063.199951171875,3048.63994140625,2984.619970703125,0.7084079236673091,1.1634912381546183,62.607796429815416,3057.89990234375
2025-10-28,2946.9677734375,3057.89990234375,3090.199951171875,3040.199951171875,3076.0,3470737,3084.89990234375,3057.179931640625,2992.5599609375,-0.8752309914330403,1.217745650111691,60.65822825493736,3057.60009765625
2025-10-29,2946.678955078125,3057.60009765625,3076.0,3046.10009765625,3057.89990234375,2895420,3057.89990234375,3067.3599609375,3000.6349609375,-0.009804267538982003,1.1917388969363127,54.44707220157556,3035.300048828125
2025-10-30,2925.187744140625,3035.300048828125,3063.800048828125,3032.800048828125,3049.10009765625,2241536,3057.60009765625,3059.77998046875,3007.9799682617186,-0.7293317672647515,0.6329548058907454,45.9951556990904,3058.0
2025-10-31,2947.064208984375,3058.0,3067.39990234375,3025.10009765625,3035.0,1868085,3035.300048828125,3058.739990234375,3015.169970703125,0.7478651469939201,0.7671694016664921,54.65662950835736,3016.800048828125
2025-11-03,2907.359130859375,3016.800048828125,3058.0,3010.0,3046.89990234375,2194877,3058.0,3045.12001953125,3020.9149780273438,-1.3472842109834904,0.8204202416088431,51.41594564658469,2990.199951171875
2025-11-04,2881.723876953125,2990.199951171875,3029.300048828125,2976.0,3019.60009765625,2670720,3016.800048828125,3031.580029296875,3021.00498046875,-0.8817322071637768,0.8212816987197801,54.69092090204183,3010.89990234375
2025-11-06,2901.6728515625,3010.89990234375,3024.0,2990.0,2990.10009765625,2542721,2990.199951171875,3022.239990234375,3022.8649780273436,0.6922597655639295,0.9620390762485256,56.22914460407217,2991.800048828125
2025-11-07,2883.26611328125,2991.800048828125,3004.0,2960.5,3001.0,1830520,3010.89990234375,3013.539990234375,3021.0949829101564,-0.6343569741643407,0.9524224135157684,53.030755721635884,3025.199951171875
2025-11-10,2915.4541015625,3025.199951171875,3047.89990234375,2992.0,2993.0,1556656,2991.800048828125,3006.97998046875,3019.269982910156,1.1163815027288582,1.0604332219607864,58.445051269598366,3047.0
2025-11-11,2936.463623046875,3047.0,3055.699951171875,3018.0,3045.0,2806868,3025.199951171875,3013.019970703125,3020.20498046875,0.7206151388333915,0.8971310260079322,54.65185630684331,3131.800048828125
2025-11-12,3018.18701171875,3131.800048828125,3136.39990234375,3057.10009765625,3060.0,4460315,3047.0,3041.339990234375,3026.4349853515623,2.783066912639476,1.2263781845085002,64.96056141301555,3105.699951171875
2025-11-13,2993.03369140625,3105.699951171875,3131.89990234375,3102.0,3131.800048828125,1740435,3131.800048828125,3060.3,3033.70498046875,-0.8333896560866472,1.4680413796890663,54.30235970467817,3106.0
2025-11-14,2993.322998046875,3106.0,3113.10009765625,3077.300048828125,3090.0,2210794,3105.699951171875,3083.139990234375,3040.5149780273437,0.00966123040997413,1.353075649659895,55.81522788353157,3102.199951171875
2025-11-17,2989.66064453125,3102.199951171875,3123.5,3086.60009765625,3106.0,2232853,3106.0,3098.539990234375,3047.089978027344,-0.12234542266983395,1.3843839546074386,52.47073065789685,3087.10009765625
2025-11-18,2975.10888671875,3087.10009765625,3105.0,3078.0,3102.0,2548350,3102.199951171875,3106.560009765625,3053.3349853515624,-0.48674662347025777,1.4428574675094317,54.31700482073479,3147.699951171875
2025-11-19,3033.510009765625,3147.699951171875,3155.0,3083.5,3097.0,3151053,3087.10009765625,3109.739990234375,3059.9599853515624,1.9630025460344758,1.0889998537105794,61.304881896517394,3144.800048828125
2025-11-20,3030.715576171875,3144.800048828125,3164.5,3138.10009765625,3148.0,2700767,3147.699951171875,3117.560009765625,3066.864990234375,-0.09212766110919812,0.973465011536359,64.44211459100768,3150.60009765625
2025-11-21,3036.30517578125,3150.60009765625,3170.0,3135.199951171875,3144.800048828125,4177037,3144.800048828125,3126.480029296875,3070.734997558594,0.18443299217978382,0.965591096459166,62.78301664228854,3141.199951171875
2025-11-24,3027.24609375,3141.199951171875,3178.89990234375,3131.0,3158.0,6703764,3150.60009765625,3134.280029296875,3074.6349975585936,-0.2983605088874297,0.9873121736076622,68.82565664537086,3119.199951171875
2025-11-25,3006.04443359375,3119.199951171875,3149.800048828125,3115.0,3145.300048828125,2737920,3141.199951171875,3140.7,3076.35,-0.7003692965101616,1.0310367028771006,69.79743359940531,3162.89990234375
2025-11-26,3048.158935546875,3162.89990234375,3178.0,3117.0,3118.800048828125,2508527,3119.199951171875,3143.739990234375,3081.6,1.4009987130019441,0.7962279569357691,71.78900302656152,3136.60009765625
2025-11-27,3022.81298828125,3136.60009765625,3180.0,3125.0,3180.0,2836233,3162.89990234375,3142.1,3085.55,-0.8315092320187456,0.9021876944605821,70.33709945651242,3137.5
2025-11-28,3023.68017578125,3137.5,3147.300048828125,3125.0,3140.0,1616690,3136.60009765625,3139.47998046875,3090.6599975585937,0.02869037542982955,0.8947731872993258,67.35705310345608,3133.39990234375
2025-12-01,3019.729248046875,3133.39990234375,3154.0,3122.199951171875,3137.89990234375,1747647,3137.5,3137.919970703125,3094.4299926757812,-0.1306804033864517,0.8876622360067975,64.12687336933439,3135.699951171875
2025-12-02,3021.94580078125,3135.699951171875,3144.0,3120.39990234375,3131.0,2512003,3133.39990234375,3141.219970703125,3100.3749877929686,0.07340425415871543,0.8091628888357807,50.87324356355972,3180.0
2025-12-03,3064.638671875,3180.0,3211.89990234375,3139.0,3140.0,3952112,3135.699951171875,3144.639990234375,3109.864990234375,1.4127642796808226,0.8138658577462077,65.38304843492054,3229.199951171875
2025-12-04,3112.053466796875,3229.199951171875,3250.0,3187.39990234375,3194.0,5025905,3180.0,3163.1599609375,3120.779992675781,1.5471682758451344,0.8207256671346266,71.21213777147435,3238.199951171875
2025-12-05,3120.72705078125,3238.199951171875,3271.60009765625,3222.39990234375,3230.0,5244013,3229.199951171875,3183.299951171875,3133.099987792969,0.27870680466020037,0.7851052864166452,73.00408993901432,3236.5
2025-12-08,3119.0888671875,3236.5,3259.89990234375,3208.60009765625,3243.0,2544725,3238.199951171875,3203.919970703125,3143.664990234375,-0.05249679443851685,0.7665711105974011,76.47059841334384,3208.300048828125
2025-12-09,3091.911865234375,3208.300048828125,3233.699951171875,3181.199951171875,3230.0,2734893,3236.5,3218.439990234375,3151.7299926757814,-0.8713100933686047,1.0195044609862898,62.12973279383882,3189.199951171875
2025-12-10,3073.504638671875,3189.199951171875,3225.0,3178.10009765625,3225.0,1386849,3208.300048828125,3220.27998046875,3154.599987792969,-0.5953338953825882,0.9445831898434438,58.34584630521616,3191.89990234375
2025-12-11,3076.106689453125,3191.89990234375,3208.39990234375,3153.10009765625,3205.0,1914362,3189.199951171875,3212.819970703125,3158.9099853515627,0.0846592002136104,0.48322904370758135,57.85466337554953,3220.5
2025-12-12,3103.669189453125,3220.5,3223.0,3185.699951171875,3197.699951171875,1146554,3191.89990234375,3209.27998046875,3164.6349853515626,0.8960211325940826,0.6834458204815085,64.05531549198992,3230.199951171875
2025-12-15,3113.01708984375,3230.199951171875,3238.199951171875,3197.300048828125,3211.10009765625,1562190,3220.5,3208.019970703125,3171.0349853515627,0.3011939503764882,0.7084339423964843,70.57080807166773,3205.10009765625
2025-12-16,3088.828125,3205.10009765625,3220.0,3191.10009765625,3220.0,1734623,3230.199951171875,3207.37998046875,3176.9349853515623,-0.7770371461531034,0.6814158214368982,58.399730200969174,3217.800048828125
2025-12-17,3101.0673828125,3217.800048828125,3236.89990234375,3200.5,3200.5,1376350,3205.10009765625,3213.1,3180.439990234375,0.39624195141867435,0.6121977931634722,67.087542347019,3280.800048828125
2025-12-18,3161.78173828125,3280.800048828125,3287.800048828125,3221.0,3228.0,2307422,3217.800048828125,3230.880029296875,3187.239990234375,1.9578593773389885,0.9935107358653169,73.9072526151237,3282.0
2025-12-19,3162.938232421875,3282.0,3317.89990234375,3278.800048828125,3299.0,3902511,3280.800048828125,3243.180029296875,3193.8099853515623,0.036574955925883224,0.9940757168684157,75.03372564761469,3324.89990234375
2025-12-22,3204.281982421875,3324.89990234375,3328.60009765625,3291.0,3310.0,2632816,3282.0,3262.12001953125,3202.994982910156,1.3071268233927569,1.0721183762728819,78.03795833396649,3310.0
2025-12-23,3189.922607421875,3310.0,3319.89990234375,3293.5,3319.89990234375,2365420,3324.89990234375,3283.1,3212.5349853515627,-0.4481308545032259,0.9732531270128704,71.10392956056204,3319.0
2025-12-24,3198.59619140625,3319.0,3327.10009765625,3296.10009765625,3304.10009765625,1367708,3310.0,3303.339990234375,3220.339990234375,0.2719033232628343,0.9828965137788451,66.76628009484853,3280.0
2025-12-26,3161.010986328125,3280.0,3320.0,3271.800048828125,3313.10009765625,1176664,3319.0,3303.17998046875,3227.5099853515626,-1.1750527267249122,0.9172524684770387,57.01815152973429,3251.5
2025-12-29,3133.544677734375,3251.5,3288.0,3242.89990234375,3280.0,2079473,3280.0,3297.07998046875,3233.2099853515624,-0.8689024390243882,0.9940245678372569,52.310538824874385,3246.800048828125
2025-12-30,3129.015380859375,3246.800048828125,3267.5,3239.5,3250.0,2807593,3251.5,3281.460009765625,3238.879992675781,-0.14454716813393498,0.5729305053624162,56.393233136355676,3206.199951171875
2025-12-31,3089.887939453125,3206.199951171875,3246.0,3198.5,3240.0,3362634,3246.800048828125,3260.7,3242.404992675781,-1.2504649823109282,0.6686122690065798,52.63484509992674,3227.39990234375
2026-01-01,3110.31884765625,3227.39990234375,3234.10009765625,3198.199951171875,3215.0,1255735,3206.199951171875,3242.37998046875,3244.7749877929687,0.6612173755453421,0.8084439353003592,55.20375852453291,3250.699951171875
2026-01-02,3132.773681640625,3250.699951171875,3254.300048828125,3219.5,3234.0,1184324,3227.39990234375,3236.519970703125,3245.849987792969,0.7219448947496154,0.8863994477062573,54.49672285495134,3216.10009765625
2026-01-05,3099.428955078125,3216.10009765625,3247.0,3191.0,3240.5,2341703,3250.699951171875,3229.439990234375,3244.7449951171875,-1.0643816419645846,0.927930873838689,48.04548454236255,3255.800048828125
2026-01-06,3137.688720703125,3255.800048828125,3263.199951171875,3205.0,3210.0,2912325,3216.10009765625,3231.239990234375,3245.709997558594,1.2344127970645768,1.1358289761250966,56.75459772694598,3295.60009765625
2026-01-07,3176.044921875,3295.60009765625,3300.60009765625,3223.199951171875,3242.89990234375,1989442,3255.800048828125,3249.12001953125,3250.075,1.2224352918248194,0.9445397251590194,59.66701229016113,3203.89990234375
2026-01-08,3087.671630859375,3203.89990234375,3286.89990234375,3182.0,3286.89990234375,4159336,3295.60009765625,3244.42001953125,3250.8099975585938,-2.782503719966356,1.7553698451823554,41.08093567450172,3207.800048828125
2026-01-09,3091.43017578125,3207.800048828125,3229.699951171875,3191.0,3191.0,1938673,3203.89990234375,3235.8400390625,3251.6050048828124,0.12173122142555837,1.7019442315914788,41.4476783287231,3239.60009765625
2026-01-12,3122.076416015625,3239.60009765625,3252.0,3174.300048828125,3203.0,2228342,3207.800048828125,3240.5400390625,3252.560009765625,0.9913351313696195,1.7054332771985112,39.91012949208147,3268.0
2026-01-13,3149.446044921875,3268.0,3280.0,3210.5,3245.0,5645341,3239.60009765625,3242.980029296875,3254.4500122070312,0.8766483975690909,1.655734885768502,45.185696791136166,3192.5
2026-01-14,3076.68505859375,3192.5,3260.0,3183.0,3260.0,3539511,3268.0,3222.360009765625,3253.8200073242188,-2.3102815177478586,1.7972196999045023,37.417947995687356,3192.5
2026-01-15,3076.68505859375,3192.5,3192.5,3192.5,3192.5,0,3192.5,3220.080029296875,3252.5550048828127,0.0,1.3306881985174999,40.56502446143769,3206.699951171875
2026-01-16,3146.54931640625,3206.699951171875,3221.89990234375,3171.0,3219.39990234375,4293470,3192.5,3219.860009765625,3248.85,0.44479095291698467,1.3496755346858538,45.01557251609812,3163.60009765625
2026-01-19,3104.258056640625,3163.60009765625,3220.0,3152.10009765625,3188.0,3387562,3206.699951171875,3204.660009765625,3242.9300048828127,-1.3440563249416115,1.324929849618004,41.47192057772935,3102.300048828125
2026-01-20,3044.10791015625,3102.300048828125,3160.0,3091.10009765625,3151.60009765625,4499273,3163.60009765625,3171.52001953125,3231.800012207031,-1.9376674338055233,1.2039018972824185,39.78368708517699,3122.60009765625
2026-01-21,3064.027099609375,3122.60009765625,3138.5,3082.0,3100.0,2015150,3102.300048828125,3157.5400390625,3222.4300170898437,0.6543547854371168,1.1439331604869556,39.67693217836307,3150.39990234375
2026-01-22,3091.305419921875,3150.39990234375,3160.0,3122.300048828125,3150.0,2269827,3122.60009765625,3149.12001953125,3214.0000122070314,0.8902774552644654,1.2889576663813578,40.206983253407174,3162.5
2026-01-23,3103.178466796875,3162.5,3194.5,3152.0,3190.300048828125,2068857,3150.39990234375,3140.280029296875,3208.1250122070314,0.384081324001051,1.280937914931024,44.52613490960915,3158.0
2026-01-27,3098.762939453125,3158.0,3175.0,3130.0,3175.0,4279874,3162.5,3139.160009765625,3203.4500122070312,-0.14229249011857847,1.1334151645096857,39.23855443436923,3200.10009765625
2026-01-28,3140.073486328125,3200.10009765625,3205.199951171875,3170.60009765625,3176.0,2751234,3158.0,3158.72001953125,3201.1150146484374,1.3331253216038563,0.5521433075467646,39.544563262705246,3144.39990234375
2026-01-29,3085.41796875,3144.39990234375,3200.10009765625,3125.60009765625,3200.10009765625,2457641,3200.10009765625,3163.07998046875,3198.025012207031,-1.7405766573769021,1.1897664078211747,42.92845586204175,3123.89990234375
2026-01-30,3065.302490234375,3123.89990234375,3141.0,3092.0,3141.0,3022068,3144.39990234375,3157.77998046875,3192.8500122070313,-0.651952698024183,1.1473817190599571,40.407027542163526,3169.60009765625
2026-02-02,3110.1455078125,3169.60009765625,3198.0,3134.0,3198.0,2636272,3123.89990234375,3159.2,3188.79501953125,1.4629212439941641,1.3581799026422536,42.24291115925624,3225.300048828125
2026-02-03,3164.800537109375,3225.300048828125,3350.0,3186.300048828125,3350.0,4366060,3169.60009765625,3172.660009765625,3189.255017089844,1.7573179409308581,1.5432381333858296,45.538147399635804,2999.10009765625
2026-02-04,2942.84375,2999.10009765625,3120.0,2986.0,3120.0,10852595,3225.300048828125,3132.460009765625,3176.42001953125,-7.013299468186284,3.543198411294161,34.63129034410936,2991.5
2026-02-05,2935.38623046875,2991.5,3029.699951171875,2972.300048828125,2990.0,3521545,2999.10009765625,3101.880029296875,3161.2150146484373,-0.2534126040737772,3.5527768721889124,34.217972084863376,2941.60009765625
2026-02-06,2886.422119140625,2941.60009765625,2985.0,2916.0,2976.60009765625,4687389,2991.5,3065.420068359375,3148.1000244140623,-1.668056237464488,3.5612545288746253,30.28998087172512,2948.199951171875
2026-02-09,2892.8984375,2948.199951171875,2977.0,2937.5,2959.10009765625,2380318,2941.60009765625,3021.1400390625,3135.12001953125,0.22436270385235435,3.372774019365779,33.06603272020536,2984.60009765625
2026-02-10,2928.61572265625,2984.60009765625,3011.60009765625,2943.5,2949.800048828125,3547763,2948.199951171875,2973.000048828125,3122.37001953125,1.2346566409074944,3.256929156279439,40.36983428729634,2909.800048828125
2026-02-11,2855.21875,2909.800048828125,2998.0,2904.199951171875,2980.0,3363513,2984.60009765625,2955.1400390625,3104.4600219726562,-2.506200039558537,1.4949755706556738,34.014427617807144,2750.10009765625
2026-02-12,2698.51416015625,2750.10009765625,2880.0,2740.0,2869.800048828125,10612156,2909.800048828125,2906.86005859375,3082.3400268554688,-5.488347944601612,2.6124877075343393,24.902848928016667,2692.199951171875
2026-02-13,2641.7001953125,2692.199951171875,2713.0,2585.0,2585.0,11168735,2750.10009765625,2856.980029296875,3057.3250244140627,-2.1053832380035886,2.62093897331507,22.115513501260367,2706.60009765625
2026-02-16,2655.830322265625,2706.60009765625,2719.800048828125,2671.0,2700.0,2918730,2692.199951171875,2808.66005859375,3032.320031738281,0.5348839887656442,2.681745550748899,23.546674831388017,2717.39990234375
2026-02-17,2666.427490234375,2717.39990234375,2760.0,2695.199951171875,2716.0,4209118,2706.60009765625,2755.22001953125,3010.0100219726564,0.39901737596375053,2.4737489492896043,20.635115835299757,2694.89990234375
2026-02-18,2644.349609375,2694.89990234375,2730.0,2657.300048828125,2730.0,2950820,2717.39990234375,2712.239990234375,2989.6400146484375,-0.8279973801645357,2.473458404726813,21.50374738896201,2677.89990234375
2026-02-19,2627.66845703125,2677.89990234375,2748.699951171875,2666.60009765625,2708.0,3238849,2694.89990234375,2697.799951171875,2967.4050048828126,-0.6308212036081562,1.069786576873871,21.599599524902217,2686.199951171875
2026-02-20,2635.812744140625,2686.199951171875,2702.60009765625,2647.5,2667.0,2293482,2677.89990234375,2696.599951171875,2944.1950073242188,0.30994619406277124,0.6355420786890412,17.67851598552916,2676.300048828125
2026-02-23,2626.0986328125,2676.300048828125,2704.0,2660.199951171875,2686.0,4699596,2686.199951171875,2690.53994140625,2919.885009765625,-0.36854673977010366,0.5532763244883742,10.897435897435884,2573.699951171875
2026-02-24,2525.423095703125,2573.699951171875,2647.5,2561.300048828125,2641.0,7798833,2676.300048828125,2661.799951171875,2890.6700073242187,-3.8336545149777024,1.6035521121573373,13.226137729214187,2629.300048828125
2026-02-25,2579.980224609375,2629.300048828125,2654.199951171875,2595.0,2596.0,3621285,2573.699951171875,2648.67998046875,2862.1300048828125,2.160317780281029,2.1723940166774405,21.088771833412252,2647.699951171875
2026-02-26,2598.034912109375,2647.699951171875,2671.0,2635.0,2650.0,3464267,2629.300048828125,2642.639990234375,2837.2950073242187,0.6998023048738977,2.228925522476061,25.298363244553826,2637.39990234375
2026-02-27,2587.92822265625,2637.39990234375,2688.60009765625,2626.10009765625,2681.60009765625,5083717,2647.699951171875,2632.87998046875,2812.970007324219,-0.38901873392286346,2.2102841456169013,24.039436070553577,2613.5
2026-03-02,2564.4765625,2613.5,2623.800048828125,2580.300048828125,2592.0,3374385,2637.39990234375,2620.319970703125,2785.165002441406,-0.9061918263707835,2.224673096962931,18.341576879082723,2587.800048828125
2026-03-04,2539.2587890625,2587.800048828125,2635.0,2580.39990234375,2625.0,3446434,2613.5,2623.139990234375,2753.290002441406,-0.9833537850344354,1.3255714456476637,20.01862197392923,2578.800048828125
2026-03-05,2530.427490234375,2578.800048828125,2609.5,2546.39990234375,2600.0,2960636,2587.800048828125,2613.039990234375,2732.275,-0.34778575740717077,0.6722843117942922,27.828109348189486,2557.60009765625
2026-03-06,2509.625244140625,2557.60009765625,2619.199951171875,2553.60009765625,2572.0,3998643,2578.800048828125,2595.02001953125,2710.5800048828123,-0.8220858837624467,0.2991412086323035,30.749440801809556,2527.39990234375
2026-03-09,2479.991455078125,2527.39990234375,2560.0,2505.0,2530.0,3653428,2557.60009765625,2573.02001953125,2689.8699951171875,-1.1808020863064206,0.30957631721458556,25.478893923743115,2513.10009765625
2026-03-10,2465.9599609375,2513.10009765625,2545.199951171875,2490.10009765625,2541.0,4323710,2527.39990234375,2552.9400390625,2668.1150024414064,-0.5657911387208392,0.3303259288417228,22.309588130884293,2464.89990234375
2026-03-11,2418.663818359375,2464.89990234375,2521.0,2460.10009765625,2508.10009765625,2720664,2513.10009765625,2528.360009765625,2642.129992675781,-1.9179576395485398,0.6155133279037118,20.856570821180966,2442.39990234375
2026-03-12,2396.5859375,2442.39990234375,2472.89990234375,2436.0,2459.800048828125,2752075,2464.89990234375,2501.07998046875,2618.7599853515626,-0.912815971902381,0.5174975724585568,20.5698647189119,2410.5
2026-03-13,2365.284423828125,2410.5,2445.89990234375,2397.0,2437.0,2466488,2442.39990234375,2471.6599609375,2601.77998046875,-1.3060884220122415,0.5022612606318558,17.465189645486106,2409.199951171875
2026-03-16,2364.0087890625,2409.199951171875,2425.0,2366.10009765625,2410.0,3807907,2410.5,2448.019970703125,2587.62998046875,-0.05393274541070081,0.7098710987157482,17.82702543743568,2391.699951171875
2026-03-17,2346.8369140625,2391.699951171875,2420.0,2360.0,2420.0,2993367,2409.199951171875,2423.73994140625,2571.884973144531,-0.7263822162825395,0.6914613902086475,22.424242424242422,2440.800048828125
2026-03-18,2395.01611328125,2440.800048828125,2482.89990234375,2410.0,2410.0,3082388,2391.699951171875,2418.919970703125,2558.05498046875,2.0529371852097134,1.3327697594715722,20.865533230293664,2356.0
2026-03-19,2311.806640625,2356.0,2424.0,2350.199951171875,2417.0,2757060,2440.800048828125,2401.639990234375,2541.1099853515625,-3.474272661901945,2.0037890398181033,12.592992872398852,2390.60009765625
2026-03-20,2345.7578125,2390.60009765625,2407.800048828125,2364.199951171875,2386.0,4206320,2356.0,2397.660009765625,2526.7449951171875,1.468594976920623,2.171690506560203,20.207666790053295,2383.800048828125
2026-03-23,2339.085205078125,2383.800048828125,2406.800048828125,2348.0,2365.0,3860515,2390.60009765625,2392.580029296875,2511.625,-0.28444944994320265,2.1716779901599144,21.077845194934227,2398.800048828125
2026-03-24,2353.803955078125,2398.800048828125,2435.39990234375,2379.10009765625,2404.10009765625,3420182,2383.800048828125,2394.000048828125,2497.75,0.6292474071964982,2.173017188204891,25.543502984780403,2377.39990234375
2026-03-25,2332.80517578125,2377.39990234375,2421.60009765625,2369.800048828125,2400.89990234375,5843778,2398.800048828125,2381.32001953125,2487.9349975585938,-0.8921188114378031,1.8839135589270557,24.74926338562841,2389.800048828125
2026-03-27,2344.97265625,2389.800048828125,2422.10009765625,2385.0,2403.89990234375,4979411,2377.39990234375,2388.080029296875,2475.959997558594,0.5215843776282814,0.9062550829602664,28.48721362827969,2358.89990234375
2026-03-30,2314.652099609375,2358.89990234375,2398.0,2346.199951171875,2375.10009765625,6804756,2389.800048828125,2381.739990234375,2461.5199951171876,-1.2930013328741552,0.8468808343789653,28.436177990514338,2408.199951171875
2026-04-01,2363.027587890625,2408.199951171875,2472.0,2397.89990234375,2429.0,4132661,2358.89990234375,2386.619970703125,2450.0599975585938,2.089959339908476,1.3491453574091676,37.67912639483021,2450.699951171875
2026-04-02,2404.730224609375,2450.699951171875,2469.89990234375,2375.699951171875,2386.0,5378361,2408.199951171875,2396.999951171875,2441.9199951171877,1.7648036235246467,1.521672207642212,48.30953257033708,2473.89990234375
2026-04-06,2427.4951171875,2473.89990234375,2482.0,2448.199951171875,2474.0,2572417,2450.699951171875,2416.299951171875,2436.224987792969,0.9466663252994723,1.3298817458444911,53.743754316123,2539.800048828125
2026-04-07,2492.1591796875,2539.800048828125,2543.89990234375,2448.0,2461.0,4516550,2473.89990234375,2446.299951171875,2434.2749877929687,2.6638162046064062,1.5432991144778043,64.21814218330107,2559.199951171875
2026-04-08,2511.195068359375,2559.199951171875,2580.300048828125,2540.10009765625,2572.0,4769337,2539.800048828125,2486.3599609375,2434.35498046875,0.7638358126932587,0.7928500955336516,65.86291795070929,2589.0
2026-04-09,2540.43603515625,2589.0,2605.0,2531.10009765625,2554.0,5628261,2559.199951171875,2522.519970703125,2437.4349853515623,1.164428313406285,0.770972574362342,70.33598342805865,2524.300048828125
2026-04-10,2476.94970703125,2524.300048828125,2565.800048828125,2501.10009765625,2565.800048828125,10480239,2589.0,2537.239990234375,2437.994982910156,-2.499032490223063,1.8926584011948326,58.33831495901739,2472.60009765625
2026-04-13,2426.2197265625,2472.60009765625,2504.89990234375,2470.0,2489.89990234375,3739587,2524.300048828125,2536.980029296875,2438.379992675781,-2.0480905665662075,2.2065068174883913,62.46791611931758,2554.89990234375
2026-04-15,2506.9755859375,2554.89990234375,2559.0,2493.39990234375,2501.89990234375,5261384,2472.60009765625,2540.0,2444.004992675781,3.3284721118271854,2.416464009027728,65.94214159484903,2576.89990234375
2026-04-16,2528.56298828125,2576.89990234375,2594.0,2558.0,2572.0,3905403,2554.89990234375,2543.539990234375,2452.324987792969,0.8610904865516744,2.423103791177038,68.19978931663206,2581.5
2026-04-17,2533.076904296875,2581.5,2589.0,2555.89990234375,2570.0,2718206,2576.89990234375,2542.039990234375,2460.939990234375,0.1785128577197037,2.3603758711801444,67.56391377677929,2579.60009765625
2026-04-20,2531.212646484375,2579.60009765625,2594.0,2561.199951171875,2587.10009765625,2288558,2581.5,2553.1,2470.334997558594,-0.07359683686809504,1.939259515397325,70.19578064998161,2610.5
2026-04-21,2561.532958984375,2610.5,2614.0,2560.0,2560.0,2719959,2579.60009765625,2580.67998046875,2478.8199951171873,1.1978563022936983,1.347144934937893,71.25794774138112,2538.5
2026-04-22,2490.88330078125,2538.5,2580.0,2503.60009765625,2580.0,5232045,2610.5,2577.4,2487.9449951171873,-2.758092319479022,1.5612552147593262,66.03000638897436,2521.800048828125
2026-04-23,2474.49658203125,2521.800048828125,2559.5,2516.300048828125,2529.0,2509050,2538.5,2566.380029296875,2494.504992675781,-0.657866896666337,1.467897593776732,60.76574884037745,2396.89990234375
2026-04-24,2351.939453125,2396.89990234375,2505.0,2388.800048828125,2488.0,5107719,2521.800048828125,2529.460009765625,2495.1599853515627,-4.952817196685199,2.4245582760254183,45.59015816716756,2447.60009765625
2026-04-27,2401.6884765625,2447.60009765625,2459.0,2396.89990234375,2396.89990234375,5853425,2396.89990234375,2503.060009765625,2497.599987792969,2.115240409619279,2.888225343703995,47.93727022058824,2444.699951171875
2026-04-28,2398.8427734375,2444.699951171875,2487.0,2427.39990234375,2444.0,4508363,2447.60009765625,2469.9,2500.964990234375,-0.11848939241144718,2.6897026080213484,41.72322909867277,2474.699951171875
2026-04-29,2428.280029296875,2474.699951171875,2487.89990234375,2447.60009765625,2451.0,2835961,2444.699951171875,2457.139990234375,2505.2099853515624,1.2271444594098124,2.730293038676274,42.77901333989827,2473.89990234375
2026-04-30,2427.4951171875,2473.89990234375,2491.0,2438.0,2479.0,3970446,2474.699951171875,2447.5599609375,2510.9599853515624,-0.03232912449633307,2.7342827075595384,39.65113491785445,2473.89990234375
2026-05-01,2427.4951171875,2473.89990234375,2473.89990234375,2473.89990234375,2473.89990234375,0,2473.89990234375,2462.9599609375,2514.244982910156,0.0,0.9947350485371275,44.87178149569624,2431.300048828125
2026-05-04,2385.6943359375,2431.300048828125,2498.300048828125,2425.0,2494.0,2632358,2473.89990234375,2459.699951171875,2513.2749877929687,-1.7219715913027178,1.049140473572947,45.71842788234478,2427.300048828125
2026-05-05,2381.769287109375,2427.300048828125,2460.39990234375,2412.199951171875,2430.0,3385720,2431.300048828125,2456.219970703125,2510.9449951171873,-0.16452103482365033,1.049225730439834,34.20794846460416,2435.39990234375
2026-05-06,2389.717041015625,2435.39990234375,2471.0,2406.5,2441.89990234375,3147628,2427.300048828125,2448.3599609375,2505.724987792969,0.33369807410235097,0.8065558714575009,31.86362925180711,2401.39990234375
2026-05-07,2356.35498046875,2401.39990234375,2439.699951171875,2398.0,2438.199951171875,5829594,2435.39990234375,2433.8599609375,2497.8349853515624,-1.3960746227869802,0.9101464452455394,28.53395737112635,2394.39990234375
2026-05-08,2349.486328125,2394.39990234375,2407.0,2375.10009765625,2398.0,3792199,2401.39990234375,2417.9599609375,2488.10498046875,-0.29149663882171994,0.871436781759713,28.191220829341944,2392.89990234375
2026-05-11,2348.014404296875,2392.89990234375,2415.0,2371.0,2371.0,1975188,2394.39990234375,2410.279931640625,2481.5349731445312,-0.06264617696198904,0.6473799141621723,22.469636878065657,2300.300048828125
2026-05-12,2257.151611328125,2300.300048828125,2375.0,2283.0,2375.0,6347884,2392.89990234375,2384.879931640625,2472.919970703125,-3.869775473053727,1.6981941276682295,21.35643059167397,2272.800048828125
2026-05-13,2230.16748046875,2272.800048828125,2309.199951171875,2269.0,2306.0,3171843,2300.300048828125,2352.3599609375,2458.814978027344,-1.195496214244296,1.5126230686687794,20.81575914210859,2246.0
2026-05-14,2203.8701171875,2246.0,2265.0,2206.39990234375,2265.0,5633313,2272.800048828125,2321.27998046875,2442.269982910156,-1.1791643898434123,1.5145501164616744,27.03197833428463,2264.0
2026-05-15,2221.5322265625,2264.0,2304.89990234375,2252.0,2252.0,3410637,2246.0,2295.2,2426.394982910156,0.8014247551202169,1.7591585595662533,18.965480242589123,2283.199951171875
2026-05-18,2240.3720703125,2283.199951171875,2292.89990234375,2252.199951171875,2264.0,3773336,2264.0,2273.260009765625,2411.5749755859374,0.8480543803831786,1.932197846980252,24.12685002659657,2327.10009765625
2026-05-19,2283.448974609375,2327.10009765625,2377.60009765625,2297.10009765625,2300.0,10394707,2283.199951171875,2278.62001953125,2397.40498046875,1.922746470883685,1.3776101889779089,27.361968703544918,2327.39990234375
2026-05-20,2283.742919921875,2327.39990234375,2342.0,2317.800048828125,2323.89990234375,2537422,2327.10009765625,2289.539990234375,2386.8499755859375,0.012883188299550596,1.1501426868522113,27.496125996252758,2327.199951171875
2026-05-21,2283.546875,2327.199951171875,2335.89990234375,2314.0,2331.0,3299087,2327.39990234375,2305.77998046875,2377.119970703125,-0.008591182446715528,0.7906288636785205,27.479245763887064,2317.300048828125
2026-05-22,2273.832763671875,2317.300048828125,2340.0,2308.10009765625,2331.10009765625,2617262,2327.199951171875,2316.439990234375,2373.1399780273437,-0.42539973149985366,0.9344976435206291,30.546042665520133,2308.199951171875
2026-05-25,2295.61328125,2308.199951171875,2326.10009765625,2293.0,2325.0,3298364,2317.300048828125,2321.439990234375,2366.169970703125,-0.3927026049497573,0.9729370703056561,30.023439496288333,2276.199951171875
2026-05-26,2263.78759765625,2276.199951171875,2327.89990234375,2272.39990234375,2308.199951171875,3587597,2308.199951171875,2311.2599609375,2357.744970703125,-1.386361696427274,0.5677295606342705,25.279491944490573,2284.199951171875
2026-05-27,2271.744140625,2284.199951171875,2295.60009765625,2260.89990234375,2275.0,2653950,2276.199951171875,2302.619970703125,2348.219970703125,0.351462972129557,0.6495525217457561,30.202694621891027,2284.199951171875
2026-05-28,2271.744140625,2284.199951171875,2284.199951171875,2284.199951171875,2284.199951171875,0,2284.199951171875,2294.019970703125,2338.734973144531,0.0,0.6507654445664645,30.934248396822625,2258.89990234375
2026-05-29,2246.58203125,2258.89990234375,2334.0,2235.0,2291.0,16331582,2284.199951171875,2282.33994140625,2327.984973144531,-1.1076109521473865,0.7316218403319649,28.5805492855292,2297.39990234375
2026-06-01,2284.8720703125,2297.39990234375,2335.0,2280.0,2284.0,7505095,2258.89990234375,2280.179931640625,2321.2899658203123,1.70436945701109,1.2388309883748068,49.43947680097392,2446.89990234375
2026-06-02,2433.556884765625,2446.89990234375,2457.39990234375,2316.199951171875,2320.0,11306127,2297.39990234375,2314.319921875,2322.2699584960938,6.50735641833553,2.9784124417496636,72.86575726890807,2241.699951171875
2026-06-03,2229.475830078125,2241.699951171875,2393.0,2224.800048828125,2393.0,15660062,2446.89990234375,2305.819921875,2312.5849609375,-8.38611955378008,5.39619446504405,49.615448939837286,2241.0
2026-06-04,2228.77978515625,2241.0,2253.10009765625,2216.60009765625,2241.699951171875,4867263,2241.699951171875,2297.179931640625,2304.5649658203124,-0.031224123973816464,5.395841616152535,47.877444786708075,2198.89990234375
2026-06-05,2186.9091796875,2198.89990234375,2271.800048828125,2192.0,2262.89990234375,5019717,2241.0,2285.179931640625,2294.7899658203123,-1.8786299712739818,5.436887246623872,42.53585477976542,2151.39990234375
2026-06-08,2139.668212890625,2151.39990234375,2177.0,2143.300048828125,2170.0,6536734,2198.89990234375,2255.979931640625,2282.7149658203125,-2.160171090524443,5.33365814621261,34.54159284736029,2151.0
2026-06-09,2139.2705078125,2151.0,2174.0,2132.800048828125,2174.0,4148655,2151.39990234375,2196.799951171875,2275.249963378906,-0.0185880060380339,3.442387250321519,34.48276454513983,2153.89990234375
2026-06-10,2142.154541015625,2153.89990234375,2180.800048828125,2144.800048828125,2151.300048828125,2848650,2151.0,2179.23994140625,2269.3049560546874,0.1348164734425783,1.1278944933668738,34.82751766076372,2135.60009765625
2026-06-11,2123.95458984375,2135.60009765625,2154.60009765625,2110.0,2127.0,3079815,2153.89990234375,2158.1599609375,2263.7849609375,-0.8496125872695992,1.0465660480370569,34.322689584017056,2161.39990234375
2026-06-12,2149.61376953125,2161.39990234375,2168.0,2138.0,2150.0,2124656,2135.60009765625,2150.6599609375,2258.6549560546873,1.2080822020852366,1.2547908629444087,37.688679882704285,2162.0
2026-06-15,2150.21044921875,2162.0,2192.0,2159.300048828125,2192.0,3337083,2161.39990234375,2152.77998046875,2252.5949584960936,0.027764304773003623,0.7331613597075546,39.89022308539871,2199.0
2026-06-16,2187.0087890625,2199.0,2209.0,2160.60009765625,2167.0,3079898,2162.0,2162.37998046875,2246.1899536132814,1.7113783533765137,1.016405276012134,42.82586609752558,2223.0
2026-06-17,2210.8779296875,2223.0,2231.0,2200.699951171875,2209.0,2865010,2199.0,2176.2,2240.9699584960936,1.091405184174632,1.032967773955465,45.04694118609434,2203.300048828125
2026-06-18,2191.285400390625,2203.300048828125,2214.0,2182.0,2209.0,3735188,2223.0,2189.739990234375,2234.7749633789062,-0.8861876370614086,1.0461792998591177,45.45900830645139,2125.0
2026-06-19,2113.412353515625,2125.0,2138.0,2059.89990234375,2105.0,13286502,2203.300048828125,2182.460009765625,2225.1599609375,-3.5537624060676953,2.062599856924376,36.779138692199105,2127.800048828125
2026-06-22,2116.197021484375,2127.800048828125,2157.0,2121.0,2132.199951171875,4566101,2125.0,2175.62001953125,2216.1399658203127,0.1317670036764751,2.0675259322740245,18.424685233223826,2059.60009765625
2026-06-23,2048.368896484375,2059.60009765625,2114.0,2055.0,2111.0,6392736,2127.800048828125,2147.7400390625,2205.3099731445313,-3.20518608923972,2.040096644272052,25.278296117808097,2109.0
2026-06-24,2097.49951171875,2109.0,2120.699951171875,2061.0,2061.0,4747277,2059.60009765625,2124.9400390625,2196.5499755859373,2.3985191299983555,2.460980093982592,34.172643337646306,2094.699951171875
2026-06-25,2083.27734375,2094.699951171875,2148.5,2088.0,2133.60009765625,4738903,2109.0,2103.22001953125,2187.0749755859374,-0.6780487827465653,2.4656281637024553,36.61355408895338,2094.699951171875
2026-06-26,2083.27734375,2094.699951171875,2094.699951171875,2094.699951171875,2094.699951171875,0,2094.699951171875,2097.160009765625,2178.8649780273436,0.0,2.0085523717945533,41.703242566988735,2097.89990234375
2026-06-29,2086.4599609375,2097.89990234375,2105.0,2071.0,2090.0,3412470,2094.699951171875,2091.17998046875,2168.8899780273437,0.152764178472653,2.0096255830453966,42.293153422580026,2031.5
2026-06-30,2020.422119140625,2031.5,2104.300048828125,2018.800048828125,2090.0,6848411,2097.89990234375,2085.5599609375,2148.119982910156,-3.165065324116212,1.994984599349373,34.99999401615398,1982.5999755859373
2026-07-01,1971.788818359375,1982.5999755859373,2052.0,1976.800048828125,2039.9000244140625,4658295,2031.5,2060.2799560546873,2135.1649841308595,-2.4070895601310704,1.4882079860681292,32.558114939316866,2068.10009765625
2026-07-02,2056.82275390625,2068.10009765625,2076.89990234375,2002.5,2008.0,6040621,1982.5999755859373,2054.9599853515624,2126.519989013672,4.312525124744049,2.92352091745954,40.63819029248368,2093.5
2026-07-03,2082.083984375,2093.5,2116.60009765625,2085.0,2100.0,4028819,2068.10009765625,2054.7199951171874,2121.2499938964843,1.2281756754682904,2.9974322662988317,43.45249290937205,2057.60009765625
2026-07-06,2046.3798828125,2057.60009765625,2093.0,2050.60009765625,2090.0,2567386,2093.5,2046.6600341796875,2116.5600036621095,-1.7148269569500885,3.092278249739075,36.455941716777104,2096.10009765625
2026-07-07,2084.669921875,2096.10009765625,2122.699951171875,2049.0,2050.0,4769048,2057.60009765625,2059.5800537109376,2113.815008544922,1.8711118863113496,2.7466969442445044,38.17334947893133,2057.5
2026-07-08,2046.2803955078125,2057.5,2109.699951171875,2048.800048828125,2094.0,3666985,2096.10009765625,2074.56005859375,2108.995013427734,-1.8415197680402118,2.596451960113709,36.87431810729003,2049.5
2026-07-09,2038.323974609375,2049.5,2065.0,2016.0,2057.5,3791498,2057.5,2070.8400390625,2104.690008544922,-0.3888213851761857,1.6844421196953923,42.21809701107567,2069.0
2026-07-10,2057.717529296875,2069.0,2133.300048828125,2064.60009765625,2105.199951171875,6714551,2049.5,2065.9400390625,2100.0700134277345,0.9514515735545181,1.6307421750291746,44.14108492282663,2181.5
2026-07-13,2169.604248046875,2181.5,2204.89990234375,2065.10009765625,2075.0,12382622,2069.0,2090.72001953125,2101.0450134277344,5.437409376510383,2.7496738895011776,61.16095358376269,2200.60009765625
2026-07-14,2188.60009765625,2200.60009765625,2228.0,2179.0,2182.89990234375,9546290,2181.5,2111.62001953125,2101.1250183105467,0.8755488267820244,2.7254024618774495,58.879419250188256,2189.199951171875
2026-07-15,2189.199951171875,2189.199951171875,2202.89990234375,2145.39990234375,2174.10009765625,5426489,2200.60009765625,2137.960009765625,2099.4350158691404,-0.5180471679755327,2.4276097003164825,59.21231945903516,2201.0
2026-07-16,2201.0,2201.0,2231.39990234375,2187.800048828125,2206.0,5197595,2189.199951171875,2168.260009765625,2099.3200134277345,0.5390119263344761,2.3011321601547987,60.12959874779681,2269.0
2026-07-17,2269.0,2269.0,2275.0,2215.10009765625,2224.800048828125,5615138,2201.0,2208.260009765625,2106.5200134277343,3.0895047705588263,2.380953321848666,64.51230083082324,2251.10009765625
2026-07-20,2251.10009765625,2251.10009765625,2283.39990234375,2245.10009765625,2280.10009765625,2202693,2269.0,2222.180029296875,2112.6850158691404,-0.7888894818752767,1.5369248686751331,70.295748480214,2221.10009765625
2026-07-21,2221.10009765625,2221.10009765625,2259.89990234375,2218.5,2245.10009765625,2382160,2251.10009765625,2226.280029296875,2120.7600158691407,-1.3326817421950632,1.7540488677208697,72.84045409856573,2208.300048828125
2026-07-22,2208.300048828125,2208.300048828125,2226.800048828125,2201.0,2216.0,1599665,2221.10009765625,2230.100048828125,2125.725018310547,-0.5762932000062393,1.7601741353076161,65.5985653619218,2242.89990234375
2026-07-23,2242.89990234375,2242.89990234375,2250.0,2193.60009765625,2204.0,2503539,2208.300048828125,2238.480029296875,2133.1350158691407,1.5668094348857187,1.8683768032901913,66.28869063779995,2254.300048828125
2026-07-24,2254.300048828125,2254.300048828125,2264.300048828125,2205.10009765625,2205.10009765625,3211699,2242.89990234375,2235.5400390625,2141.115020751953,0.508277095757248,1.158249546014945,72.65604656721455,2295.60009765625
2026-07-27,2295.60009765625,2295.60009765625,2315.0,2272.39990234375,2286.0,4007292,2254.300048828125,2244.4400390625,2151.000030517578,1.832056422550954,1.358242204565439,72.8312910998556,2398.0
2026-07-28,2398.0,2398.0,2417.39990234375,2323.0,2325.0,8248513,2295.60009765625,2279.82001953125,2169.325030517578,4.460702996497412,1.8813555200863692,84.00238338108548,2446.60009765625
2026-07-29,2446.60009765625,2446.60009765625,2475.5,2415.10009765625,2440.0,7169419,2398.0,2327.480029296875,2192.525036621094,2.0266929798269384,1.4547968838221943,86.68020346694834,2431.800048828125
2026-07-30,2431.800048828125,2431.800048828125,2495.0,2423.0,2440.0,4901582,2446.60009765625,2365.26005859375,2210.7100341796877,-0.6049230866255084,1.901522738158982,83.80542468657796,2365.60009765625
2026-07-31,2365.60009765625,2365.60009765625,2391.0,2326.10009765625,2385.0,4343683,2431.800048828125,2387.520068359375,2224.3150390625,-2.722261281464178,2.745627287155962,68.77421860606393,2473.699951171875
2026-08-03,2473.699951171875,2473.699951171875,2473.699951171875,2383.0,2383.89990234375,3036839,2365.60009765625,2423.1400390625,2245.1200317382813,4.569658820302136,3.1903603420422515,73.57153724292644,2460.0
2026-08-04,2460.0,2460.0,2467.39990234375,2435.10009765625,2463.10009765625,2792792,2473.699951171875,2435.5400390625,2263.3150268554687,-0.5538242892144218,2.810605284471786,73.28061528826106,2413.0
2026-08-05,2413.0,2413.0,2460.89990234375,2408.0,2460.0,3014409,2460.0,2428.82001953125,2281.0900268554688,-1.9105691056910623,2.842393297456352,67.18547885301368,2373.0
2026-08-06,2373.0,2373.0,2434.5,2368.5,2417.0,2729141,2413.0,2417.060009765625,2297.265026855469,-1.6576875259013635,2.913870917926743,58.83152466866026,2452.699951171875
2026-08-07,2452.699951171875,2452.699951171875,2457.699951171875,2375.0,2375.0,4547979,2373.0,2434.47998046875,2316.4500244140627,3.358615725742742,2.998732354224238,65.4933829470024,2425.699951171875
2026-08-10,2425.699951171875,2425.699951171875,2472.89990234375,2423.5,2452.699951171875,2322023,2452.699951171875,2424.87998046875,2328.660021972656,-1.1008276812293993,2.150693328657153,65.79678040420438,2445.699951171875
2026-08-11,2445.699951171875,2445.699951171875,2456.60009765625,2428.0,2438.0,1514105,2425.699951171875,2422.019970703125,2340.9150146484376,0.8245042834064353,2.2092362068475255,68.12767052191226,2349.699951171875
2026-08-12,2349.699951171875,2349.699951171875,2445.800048828125,2300.10009765625,2445.699951171875,7022647,2445.699951171875,2409.3599609375,2348.9400146484377,-3.925256651127662,2.7421179892093943,57.456021789262515,2375.0
2026-08-13,2375.0,2375.0,2375.0,2332.300048828125,2349.699951171875,2123494,2349.699951171875,2409.7599609375,2357.6400146484375,1.0767353004159874,2.72616935464168,58.265989274663774,2361.0
2026-08-14,2361.0,2361.0,2390.0,2333.39990234375,2375.10009765625,2232160,2375.0,2391.419970703125,2362.2400146484374,-0.5894736842105286,2.0029275150333636,54.65281164760924,2313.199951171875
2026-08-17,2313.199951171875,2313.199951171875,2361.10009765625,2310.60009765625,2351.0,2237636,2361.0,2368.919970703125,2365.345007324219,-2.0245679300349373,2.0851164750884115,43.458804750384836,2280.0
2026-08-18,2280.0,2280.0,2307.0,2280.0,2300.0,1797822,2313.199951171875,2335.77998046875,2368.290002441406,-1.4352391437262413,1.8410139750731904,36.83627140667946,2289.0
2026-08-19,2289.0,2289.0,2308.199951171875,2258.300048828125,2293.60009765625,3368922,2280.0,2323.639990234375,2372.325,0.39473684210526994,1.2740116323532635,38.61243186351794,2298.0
2026-08-20,2298.0,2298.0,2329.0,2288.10009765625,2319.39990234375,2047848,2289.0,2308.239990234375,2375.0800048828123,0.3931847968545288,1.0827493622425999,44.068083465444104,2302.0
2026-08-21,2302.0,2302.0,2307.199951171875,2263.300048828125,2290.10009765625,2066749,2298.0,2296.439990234375,2377.4650024414063,0.17406440382941035,1.1458266228066565,31.565388750866973,2284.10009765625
2026-08-24,2284.10009765625,2284.10009765625,2321.60009765625,2279.5,2302.39990234375,1542723,2302.0,2290.62001953125,2376.890002441406,-0.7775804667137232,0.8204169267481626,31.283258257088093,2296.199951171875
2026-08-25,2296.199951171875,2296.199951171875,2313.5,2262.0,2305.0,3041609,2284.10009765625,2293.860009765625,2371.8,0.5297426994570253,0.5300865574665018,36.57469949639654,2270.0
2026-08-26,2270.0,2270.0,2306.300048828125,2266.39990234375,2305.10009765625,1660737,2296.199951171875,2290.060009765625,2362.9699951171874,-1.1410134887644974,0.7478397564111532,37.77302093513113,2248.39990234375
2026-08-27,2248.39990234375,2248.39990234375,2283.60009765625,2243.89990234375,2270.0,1709113,2270.0,2280.139990234375,2353.7999877929688,-0.9515461522577096,0.7389704410036874,21.86723612664119,2342.0
2026-08-28,2342.0,2342.0,2348.5,2263.300048828125,2272.0,4054069,2248.39990234375,2288.139990234375,2352.619982910156,4.162964851523099,2.222528768612663,40.26065153793839,2399.300048828125
2026-08-31,2399.300048828125,2399.300048828125,2399.300048828125,2306.199951171875,2342.0,2905846,2342.0,2311.17998046875,2348.8999877929687,2.4466288995783625,2.275426184435625,45.03213037004818,2369.0
2026-09-01,2369.0,2369.0,2372.0,2325.0,2355.0,2678034,2399.300048828125,2325.739990234375,2344.349987792969,-1.262870345996292,2.500027316790277,52.40469056563599,2348.0
2026-09-02,2348.0,2348.0,2363.0,2303.5,2347.89990234375,2533005,2369.0,2341.339990234375,2341.099987792969,-0.8864499788940439,2.4566293506767707,46.59949622166247,2320.10009765625
2026-09-03,2320.10009765625,2320.10009765625,2353.60009765625,2316.10009765625,2353.60009765625,1892786,2348.0,2355.680029296875,2338.4549926757813,-1.188241156037051,2.498378594840808,45.02313068092018,2304.0
2026-09-04,2304.0,2304.0,2363.89990234375,2302.39990234375,2330.0,2564322,2320.10009765625,2348.080029296875,2331.0199951171876,-0.6939397861546626,1.5618685472522427,48.78692611332839,2270.0
2026-09-07,2270.0,2270.0,2299.89990234375,2260.10009765625,2290.10009765625,2297551,2304.0,2322.22001953125,2323.234997558594,-1.475694444444442,0.31061942950324484,48.68421052631579,2255.5
2026-09-08,2255.5,2255.5,2274.5,2244.0,2270.0,2148114,2270.0,2299.52001953125,2313.725,-0.6387665198237857,0.3521514322134188,45.654993514915695,2208.0
2026-09-09,2208.0,2208.0,2237.0,2193.199951171875,2237.0,3370071,2255.5,2271.52001953125,2306.640002441406,-2.105963201064065,0.6053696012521965,39.386792452830186,2204.10009765625
2026-09-10,2204.10009765625,2204.10009765625,2232.0,2190.60009765625,2199.0,2490912,2208.0,2248.32001953125,2298.095007324219,-0.17662601194520233,0.7664677386880996,38.45247406257235,2200.800048828125
2026-09-11,2200.800048828125,2200.800048828125,2232.60009765625,2185.5,2185.5,2634124,2204.10009765625,2227.680029296875,2290.085009765625,-0.14972318324535383,0.8572867002573704,39.8240851587212,2200.800048828125
2026-09-14,2200.800048828125,2200.800048828125,2200.800048828125,2200.800048828125,2200.800048828125,0,2200.800048828125,2213.8400390625,2284.4650146484373,0.0,0.8675269893531082,37.99095475410158,2251.0
2026-09-15,2251.0,2251.0,2323.0,2251.0,2275.5,5406210,2200.800048828125,2212.9400390625,2283.0150146484375,2.280986462109791,1.556198422164725,47.7445404570737,2188.800048828125
2026-09-16,2188.800048828125,2188.800048828125,2273.89990234375,2172.0,2270.0,2763709,2251.0,2209.100048828125,2278.005017089844,-2.763214179114837,1.786134534063644,43.54700658143421,2190.0
2026-09-17,2190.0,2190.0,2263.60009765625,2162.5,2171.0,3295917,2188.800048828125,2206.280029296875,2272.605017089844,0.054822329363402034,1.7886488533192106,29.426090933484545,2105.0
2026-09-18,2105.0,2105.0,2177.300048828125,2101.199951171875,2177.199951171875,6875428,2190.0,2187.12001953125,2262.755017089844,-3.8812785388127824,2.45930015390647,12.943823043170042,2128.699951171875
2026-09-21,2128.699951171875,2128.699951171875,2145.0,2075.300048828125,2090.0,2330811,2105.0,2172.7,2254.985009765625,1.1258884167161476,2.605147198296502,19.23172867300579,2105.0
2026-09-22,2105.0,2105.0,2135.199951171875,2098.199951171875,2135.10009765625,3641623,2128.699951171875,2143.5,2245.425012207031,-1.1133533008645946,2.0345834833963083,19.099671788325196,2089.60009765625
2026-09-23,2089.60009765625,2089.60009765625,2104.199951171875,2077.60009765625,2099.0,2228402,2105.0,2123.660009765625,2236.4050170898436,-0.7315868096793299,1.8693180389805877,19.726795720770113,2087.0
2026-09-24,2087.0,2087.0,2096.89990234375,2067.10009765625,2076.0,1760662,2089.60009765625,2103.060009765625,2228.3350219726562,-0.12443039503904352,1.8478049802957028,20.452046142083034,2082.0
2026-09-25,2082.0,2082.0,2090.199951171875,2038.0999755859373,2054.0,3342195,2087.0,2098.460009765625,2215.3350219726562,-0.23957834211787432,0.8486277578136047,22.205771310347615,2070.699951171875
2026-09-28,2070.699951171875,2070.699951171875,2100.0,2051.0,2100.0,2457049,2082.0,2086.860009765625,2198.9050170898436,-0.5427497035602746,0.39618928404760195,22.417883058741737,2032.4000244140625
2026-09-29,2032.4000244140625,2032.4000244140625,2085.10009765625,2032.4000244140625,2065.0,4437783,2070.699951171875,2072.3400146484373,2182.075018310547,-1.8496125784007167,0.6874907150495894,23.05092899794714,2050.60009765625
2026-09-30,2050.60009765625,2050.60009765625,2101.0,2050.60009765625,2069.0,3656425,2032.4000244140625,2064.5400146484376,2167.2050231933595,0.8954966061582637,0.9871509625677544,27.4330981896545,2075.0
